"","id","fedu","medu","Pstatus","guardian","famsize","address","internet","mjob","fjob","dalc","walc"
"1",1,4,4,"A","mother","GT3","U","0","at_home","teacher",1,1
"2",2,1,1,"T","father","GT3","U","1","at_home","other",1,1
"3",3,1,1,"T","mother","LE3","U","1","at_home","other",2,3
"4",4,2,4,"T","mother","GT3","U","1","health","services",1,1
"5",5,3,3,"T","father","GT3","U","0","other","other",1,2
"6",6,3,4,"T","mother","LE3","U","1","services","other",1,2
"7",7,2,2,"T","mother","LE3","U","1","other","other",1,1
"8",8,4,4,"A","mother","GT3","U","0","other","teacher",1,1
"9",9,2,3,"A","mother","LE3","U","1","services","other",1,1
"10",10,4,3,"T","mother","GT3","U","1","other","other",1,1
"11",11,4,4,"T","mother","GT3","U","1","teacher","health",1,2
"12",12,1,2,"T","father","GT3","U","1","services","other",1,1
"13",13,4,4,"T","father","LE3","U","1","health","services",1,3
"14",14,3,4,"T","mother","GT3","U","1","teacher","other",1,2
"15",15,2,2,"A","other","GT3","U","1","other","other",1,1
"16",16,4,4,"T","mother","GT3","U","1","health","other",1,2
"17",17,4,4,"T","mother","GT3","U","1","services","services",1,2
"18",18,3,3,"T","mother","GT3","U","0","other","other",1,1
"19",19,2,3,"T","mother","GT3","U","1","services","services",2,4
"20",20,3,4,"T","father","LE3","U","1","health","other",1,3
"21",21,3,4,"T","mother","GT3","U","1","teacher","other",1,1
"22",22,4,4,"T","father","GT3","U","1","health","health",1,1
"23",23,2,4,"T","mother","LE3","U","1","teacher","other",1,3
"24",24,2,2,"T","mother","LE3","U","1","other","other",2,4
"25",25,4,2,"T","mother","GT3","R","1","services","health",1,1
"26",26,2,2,"T","mother","GT3","U","1","services","services",1,3
"27",27,2,2,"T","mother","GT3","U","1","other","other",1,2
"28",28,2,4,"T","mother","GT3","U","1","health","services",2,4
"29",29,4,3,"A","mother","LE3","U","1","services","other",1,1
"30",30,4,4,"T","mother","GT3","U","1","teacher","teacher",5,5
"31",31,4,4,"T","mother","GT3","U","1","health","services",3,4
"32",32,4,4,"T","mother","GT3","U","1","services","services",1,1
"33",33,3,4,"T","mother","GT3","R","1","teacher","at_home",1,1
"34",34,3,3,"T","mother","LE3","U","1","other","other",1,1
"35",35,2,3,"T","mother","GT3","U","1","other","other",1,1
"36",36,3,2,"T","father","GT3","U","0","other","other",1,1
"37",37,3,4,"T","mother","LE3","U","1","teacher","services",1,1
"38",38,4,4,"A","mother","GT3","R","1","other","teacher",1,1
"39",39,4,3,"T","mother","GT3","R","1","services","health",1,1
"40",40,2,2,"T","mother","GT3","R","0","at_home","other",1,1
"41",41,2,2,"T","mother","LE3","U","1","other","other",1,2
"42",42,4,4,"T","other","LE3","U","1","teacher","other",2,4
"43",43,4,4,"T","father","GT3","U","1","services","teacher",1,1
"44",44,2,2,"T","father","GT3","U","1","services","services",1,1
"45",45,2,2,"T","father","LE3","U","1","other","at_home",2,2
"46",46,3,4,"A","mother","LE3","U","1","other","other",1,1
"47",47,3,3,"A","mother","LE3","U","1","other","services",1,4
"48",48,3,4,"T","mother","GT3","U","1","health","services",1,1
"49",49,2,4,"T","mother","GT3","U","0","teacher","other",2,2
"50",50,4,4,"T","father","GT3","U","1","services","teacher",1,1
"51",51,2,2,"T","mother","LE3","U","1","services","services",2,3
"52",52,2,4,"T","mother","LE3","U","1","health","other",1,1
"53",53,2,4,"A","father","LE3","U","0","health","health",3,4
"54",54,4,4,"T","mother","GT3","U","1","services","services",2,3
"55",55,3,3,"A","mother","LE3","U","1","other","other",4,4
"56",56,1,2,"A","mother","GT3","U","1","other","other",1,1
"57",57,3,4,"A","mother","GT3","U","1","services","services",1,1
"58",58,4,4,"T","mother","GT3","U","0","teacher","health",1,1
"59",59,2,1,"T","father","LE3","U","1","other","at_home",1,1
"60",60,2,4,"T","mother","GT3","U","1","services","other",1,1
"61",61,4,4,"T","mother","GT3","R","0","health","teacher",2,3
"62",62,1,1,"T","father","GT3","U","1","services","services",5,5
"63",63,2,1,"T","father","LE3","U","1","other","services",1,1
"64",64,3,4,"T","mother","GT3","U","1","teacher","health",2,4
"65",65,3,4,"T","father","LE3","U","1","services","services",2,4
"66",66,3,4,"T","mother","LE3","U","1","teacher","services",1,2
"67",67,4,4,"A","mother","GT3","U","1","other","services",5,5
"68",68,1,3,"T","mother","GT3","U","1","services","other",1,2
"69",69,2,2,"T","mother","LE3","R","1","health","services",1,3
"70",70,1,3,"T","father","LE3","R","1","other","other",2,3
"71",71,1,3,"T","father","GT3","U","1","other","other",1,1
"72",72,2,4,"T","mother","GT3","U","1","other","other",1,1
"73",73,1,1,"T","mother","GT3","R","1","other","other",2,4
"74",74,1,3,"T","mother","GT3","U","0","other","other",2,2
"75",75,3,3,"T","mother","GT3","U","1","other","services",2,4
"76",76,3,4,"T","mother","GT3","U","1","teacher","other",2,3
"77",77,0,4,"T","mother","GT3","U","1","teacher","other",1,1
"78",78,2,2,"T","mother","GT3","U","1","other","other",1,3
"79",79,1,2,"T","mother","GT3","U","1","other","other",1,1
"80",80,4,3,"T","mother","GT3","U","1","at_home","other",1,2
"81",81,3,2,"T","father","GT3","U","1","other","services",1,3
"82",82,3,2,"T","mother","GT3","U","1","other","other",1,2
"83",83,2,3,"T","mother","LE3","U","1","services","other",1,1
"84",84,2,2,"T","mother","LE3","U","1","services","services",1,3
"85",85,1,1,"T","father","GT3","U","1","other","other",2,3
"86",86,4,4,"T","father","GT3","U","1","services","services",2,3
"87",87,2,2,"T","mother","LE3","U","0","at_home","other",1,2
"88",88,2,4,"T","mother","GT3","U","1","other","other",1,3
"89",89,2,2,"T","father","GT3","U","1","services","other",1,1
"90",90,4,4,"A","mother","LE3","U","0","teacher","health",3,5
"91",91,3,3,"T","mother","GT3","U","1","other","other",1,3
"92",92,3,4,"T","mother","GT3","U","1","services","other",1,3
"93",93,1,3,"T","father","LE3","U","0","other","other",2,3
"94",94,2,4,"T","mother","GT3","U","1","teacher","services",1,1
"95",95,2,2,"T","mother","LE3","U","1","services","health",1,1
"96",96,1,1,"T","mother","GT3","R","1","at_home","other",1,1
"97",97,3,4,"T","mother","GT3","R","1","services","other",1,1
"98",98,1,2,"T","mother","GT3","U","0","other","other",1,1
"99",99,4,4,"T","mother","GT3","U","1","other","other",1,2
"100",100,3,4,"T","mother","GT3","U","1","other","at_home",1,1
"101",101,4,4,"T","mother","GT3","U","1","services","services",5,5
"102",102,4,4,"T","father","GT3","U","1","services","teacher",1,1
"103",103,4,4,"T","mother","GT3","U","1","services","other",1,1
"104",104,2,3,"T","mother","GT3","U","1","services","other",1,1
"105",105,4,3,"A","mother","GT3","U","1","services","other",1,1
"106",106,3,3,"A","father","GT3","U","0","other","health",1,1
"107",107,2,2,"T","mother","GT3","U","1","other","other",1,1
"108",108,3,3,"T","father","GT3","U","1","services","other",1,1
"109",109,4,4,"T","father","GT3","R","1","other","other",3,5
"110",110,4,4,"T","mother","LE3","U","1","health","health",1,1
"111",111,4,4,"A","mother","LE3","U","1","teacher","teacher",1,1
"112",112,3,3,"T","father","GT3","R","1","services","other",1,1
"113",113,2,2,"T","mother","GT3","U","1","at_home","other",1,1
"114",114,2,4,"T","mother","LE3","U","1","teacher","other",1,1
"115",115,1,2,"T","mother","GT3","R","1","health","services",1,1
"116",116,4,4,"T","father","GT3","U","1","teacher","teacher",1,2
"117",117,4,4,"T","father","GT3","U","0","other","teacher",1,1
"118",118,3,3,"T","father","GT3","U","1","other","services",1,1
"119",119,3,1,"T","father","GT3","R","1","other","other",1,4
"120",120,4,3,"T","father","GT3","U","1","other","other",1,2
"121",121,2,1,"T","mother","GT3","U","1","at_home","services",1,2
"122",122,2,2,"T","father","GT3","U","1","services","services",1,2
"123",123,4,2,"T","father","LE3","U","1","other","health",1,2
"124",124,4,4,"T","mother","GT3","U","1","health","other",1,4
"125",125,2,2,"T","mother","GT3","U","1","other","other",1,1
"126",126,4,3,"T","father","GT3","U","1","services","services",3,2
"127",127,4,3,"A","mother","LE3","U","1","other","other",1,1
"128",128,1,0,"T","other","GT3","U","0","at_home","other",1,1
"129",129,2,2,"T","mother","GT3","R","1","services","other",1,2
"130",130,4,4,"T","mother","GT3","R","1","teacher","teacher",2,5
"131",131,4,3,"T","father","GT3","R","1","services","teacher",2,2
"132",132,1,1,"T","mother","GT3","U","1","at_home","other",1,2
"133",133,2,2,"T","father","LE3","U","1","other","other",1,3
"134",134,4,3,"A","father","GT3","U","1","services","other",1,4
"135",135,4,3,"T","mother","GT3","R","0","at_home","teacher",1,1
"136",136,4,4,"T","mother","GT3","U","1","services","at_home",1,1
"137",137,4,3,"T","mother","GT3","R","0","at_home","other",2,4
"138",138,3,3,"A","other","GT3","U","1","other","other",1,1
"139",139,1,1,"T","mother","LE3","U","0","services","other",1,3
"140",140,4,4,"T","mother","GT3","U","1","teacher","teacher",1,1
"141",141,3,4,"T","father","GT3","U","1","teacher","services",1,1
"142",142,2,2,"T","father","LE3","U","1","services","services",2,2
"143",143,4,4,"T","mother","GT3","U","1","teacher","services",1,1
"144",144,1,1,"T","mother","LE3","U","1","at_home","at_home",3,3
"145",145,1,2,"T","mother","GT3","U","1","other","other",1,2
"146",146,1,1,"T","father","GT3","U","1","other","services",1,2
"147",147,2,3,"T","father","GT3","U","1","health","services",1,1
"148",148,2,1,"T","mother","GT3","U","1","at_home","other",1,1
"149",149,4,4,"T","mother","GT3","U","1","teacher","teacher",2,1
"150",150,1,2,"A","mother","LE3","U","1","services","other",2,5
"151",151,1,1,"T","mother","LE3","U","1","other","other",2,5
"152",152,1,2,"T","mother","LE3","U","0","at_home","other",3,5
"153",153,3,3,"T","other","GT3","R","1","services","services",2,3
"154",154,2,3,"T","mother","GT3","U","1","services","at_home",1,1
"155",155,4,4,"T","mother","GT3","U","0","other","teacher",1,1
"156",156,3,2,"T","mother","GT3","R","0","at_home","services",1,1
"157",157,2,1,"T","mother","LE3","R","0","other","other",3,3
"158",158,1,1,"T","mother","GT3","R","0","at_home","other",1,5
"159",159,2,2,"T","mother","GT3","R","0","at_home","other",1,2
"160",160,3,3,"T","father","GT3","U","1","other","services",4,4
"161",161,1,2,"T","mother","LE3","R","1","at_home","other",2,2
"162",162,2,3,"T","mother","GT3","R","1","other","other",1,4
"163",163,2,1,"T","mother","LE3","U","0","other","other",2,4
"164",164,3,1,"T","father","GT3","U","1","at_home","services",1,4
"165",165,1,1,"T","mother","LE3","R","0","other","services",1,5
"166",166,2,3,"T","mother","GT3","U","0","services","services",1,1
"167",167,2,2,"T","father","GT3","U","1","other","other",2,4
"168",168,2,4,"T","father","GT3","U","1","health","services",1,1
"169",169,2,2,"T","mother","GT3","U","1","other","other",1,1
"170",170,4,4,"T","mother","GT3","U","1","health","health",1,1
"171",171,4,3,"T","father","GT3","U","1","other","other",2,4
"172",172,0,1,"T","mother","GT3","U","1","other","other",1,1
"173",173,4,4,"T","mother","LE3","U","1","teacher","other",1,3
"174",174,3,1,"T","mother","GT3","U","1","at_home","services",1,1
"175",175,3,3,"T","mother","LE3","U","1","other","other",1,1
"176",176,3,4,"T","mother","LE3","U","1","teacher","other",4,4
"177",177,2,2,"T","mother","GT3","U","1","services","other",1,4
"178",178,3,3,"T","father","GT3","U","1","other","other",1,4
"179",179,2,4,"T","mother","GT3","R","1","teacher","services",3,4
"180",180,3,4,"T","mother","GT3","U","1","other","other",1,1
"181",181,3,4,"T","mother","GT3","U","1","teacher","other",2,3
"182",182,3,3,"T","mother","GT3","U","1","services","other",1,2
"183",183,4,2,"T","father","GT3","U","0","services","services",2,3
"184",184,3,3,"T","mother","LE3","U","1","other","other",2,3
"185",185,2,3,"T","mother","GT3","U","1","other","other",1,2
"186",186,3,3,"T","mother","GT3","U","1","services","services",2,3
"187",187,2,1,"T","mother","GT3","U","1","services","services",1,2
"188",188,1,2,"T","mother","LE3","U","1","other","other",1,2
"189",189,3,3,"A","mother","GT3","U","1","health","other",1,3
"190",190,2,1,"T","mother","GT3","R","0","at_home","other",1,5
"191",191,3,2,"T","mother","GT3","U","1","services","services",1,1
"192",192,1,1,"T","mother","GT3","U","1","at_home","services",1,1
"193",193,2,1,"T","other","GT3","U","1","at_home","services",4,5
"194",194,3,3,"T","mother","GT3","R","1","services","services",3,4
"195",195,3,2,"T","father","GT3","U","1","other","other",1,1
"196",196,4,2,"T","father","LE3","U","1","services","services",1,1
"197",197,4,4,"T","mother","GT3","U","1","services","teacher",1,2
"198",198,3,3,"T","father","LE3","R","1","teacher","other",3,5
"199",199,4,4,"T","mother","GT3","U","1","services","teacher",2,3
"200",200,4,4,"T","mother","LE3","U","1","teacher","teacher",1,2
"201",201,3,4,"T","mother","GT3","U","1","health","other",1,5
"202",202,3,2,"T","mother","GT3","U","0","other","other",1,3
"203",203,1,1,"T","mother","GT3","U","0","other","other",1,3
"204",204,2,2,"T","mother","GT3","R","1","other","other",1,2
"205",205,2,2,"T","mother","GT3","R","1","services","services",1,1
"206",206,4,3,"T","mother","GT3","U","1","at_home","services",3,4
"207",207,1,3,"A","mother","GT3","U","1","services","other",2,2
"208",208,3,4,"T","mother","GT3","U","1","teacher","other",1,1
"209",209,1,1,"T","mother","GT3","U","0","at_home","other",1,4
"210",210,3,4,"T","mother","GT3","R","1","teacher","other",1,1
"211",211,3,3,"T","other","GT3","U","1","other","other",1,2
"212",212,4,4,"T","mother","LE3","U","1","services","other",4,5
"213",213,2,2,"A","mother","GT3","U","1","other","other",1,1
"214",214,2,2,"T","mother","GT3","U","1","services","other",2,4
"215",215,4,4,"T","mother","LE3","R","0","services","other",1,2
"216",216,2,3,"T","mother","LE3","U","1","other","other",1,3
"217",217,3,4,"T","mother","GT3","U","1","other","other",2,4
"218",218,3,3,"T","father","LE3","U","1","services","health",2,4
"219",219,3,2,"T","father","GT3","U","0","at_home","other",1,4
"220",220,2,2,"T","mother","GT3","U","1","at_home","at_home",1,1
"221",221,1,2,"T","mother","GT3","R","1","at_home","services",1,2
"222",222,1,1,"T","mother","GT3","U","0","at_home","other",1,1
"223",223,3,2,"T","mother","GT3","U","1","services","teacher",1,1
"224",224,2,2,"T","mother","GT3","U","1","other","other",5,5
"225",225,4,4,"T","mother","GT3","U","1","teacher","services",1,1
"226",226,1,3,"T","mother","GT3","R","1","other","other",1,1
"227",227,2,3,"T","mother","GT3","U","1","other","other",1,3
"228",228,3,2,"T","father","LE3","U","1","services","services",1,3
"229",229,1,2,"T","mother","LE3","U","1","at_home","other",4,5
"230",230,1,2,"A","mother","GT3","U","1","other","other",1,2
"231",231,3,4,"T","father","LE3","U","1","health","other",1,2
"232",232,2,2,"T","father","GT3","R","1","other","other",1,1
"233",233,4,4,"T","mother","GT3","U","1","teacher","teacher",1,3
"234",234,4,4,"T","father","GT3","U","1","health","other",2,4
"235",235,1,1,"T","mother","LE3","U","1","other","other",1,1
"236",236,2,3,"T","mother","GT3","U","1","at_home","other",1,3
"237",237,2,2,"T","father","LE3","U","1","other","other",5,5
"238",238,1,2,"T","mother","GT3","U","1","other","other",1,1
"239",239,1,2,"T","mother","GT3","R","0","at_home","services",1,1
"240",240,2,2,"T","father","GT3","U","1","other","services",3,5
"241",241,3,4,"T","mother","LE3","U","1","health","other",1,4
"242",242,4,4,"A","mother","LE3","R","1","teacher","other",2,3
"243",243,3,4,"T","mother","LE3","U","1","teacher","other",1,1
"244",244,4,4,"T","mother","GT3","U","1","services","services",1,2
"245",245,1,2,"T","other","GT3","U","1","other","other",1,1
"246",246,1,2,"T","mother","GT3","U","1","other","other",1,1
"247",247,3,2,"T","father","GT3","U","1","other","other",1,1
"248",248,1,3,"T","mother","GT3","U","1","services","services",5,5
"249",249,3,3,"T","mother","LE3","R","1","other","services",1,3
"250",250,2,0,"T","mother","GT3","U","1","other","other",2,4
"251",251,2,3,"T","mother","GT3","U","1","services","other",2,4
"252",252,3,3,"T","other","GT3","U","1","at_home","other",1,3
"253",253,1,2,"T","mother","GT3","U","1","services","services",2,5
"254",254,1,2,"T","mother","GT3","R","0","other","other",1,3
"255",255,1,2,"T","mother","GT3","R","1","other","other",2,4
"256",256,1,1,"T","mother","LE3","U","1","health","other",1,2
"257",257,2,4,"T","mother","LE3","U","1","teacher","services",1,1
"258",258,3,4,"A","mother","LE3","U","1","services","at_home",1,1
"259",259,1,2,"T","mother","GT3","U","1","other","other",1,2
"260",260,2,2,"T","father","LE3","U","1","services","services",1,1
"261",261,3,4,"T","father","GT3","U","1","services","other",1,3
"262",262,3,4,"T","mother","GT3","U","1","teacher","other",1,1
"263",263,2,3,"T","mother","GT3","R","0","other","other",1,1
"264",264,3,3,"T","mother","GT3","U","0","other","other",1,1
"265",265,2,2,"T","mother","GT3","U","1","at_home","services",1,1
"266",266,4,3,"A","mother","LE3","R","1","other","other",3,4
"267",267,1,3,"T","mother","GT3","U","1","services","other",3,4
"268",268,4,4,"T","mother","GT3","R","1","teacher","other",2,2
"269",269,2,4,"T","father","GT3","U","1","health","other",1,3
"270",270,1,2,"T","mother","GT3","R","1","other","other",1,2
"271",271,3,3,"T","other","GT3","U","1","other","services",3,3
"272",272,3,2,"T","father","GT3","U","1","other","services",1,3
"273",273,1,1,"T","mother","LE3","U","0","other","other",1,1
"274",274,2,1,"T","mother","GT3","R","0","at_home","at_home",2,2
"275",275,4,2,"T","mother","GT3","U","1","at_home","health",1,1
"276",276,2,2,"T","mother","LE3","U","1","services","other",2,3
"277",277,2,3,"A","mother","GT3","R","1","other","services",1,1
"278",278,4,4,"T","mother","GT3","U","1","teacher","services",1,4
"279",279,4,4,"T","father","GT3","U","1","health","health",1,1
"280",280,3,4,"T","mother","LE3","U","1","teacher","services",1,2
"281",281,1,4,"A","mother","LE3","U","1","services","other",2,4
"282",282,2,3,"A","mother","LE3","U","1","teacher","services",3,4
"283",283,1,1,"T","mother","LE3","R","0","at_home","other",1,1
"284",284,1,1,"T","mother","GT3","U","1","other","other",1,1
"285",285,2,2,"T","mother","GT3","U","1","other","other",1,2
"286",286,1,1,"T","father","GT3","U","1","other","other",1,2
"287",287,2,2,"T","mother","GT3","U","1","at_home","at_home",1,2
"288",288,1,1,"T","mother","GT3","U","1","services","teacher",1,1
"289",289,1,2,"T","mother","GT3","U","1","services","services",1,3
"290",290,4,4,"A","mother","LE3","U","1","teacher","teacher",1,1
"291",291,2,4,"T","mother","GT3","U","1","teacher","other",1,4
"292",292,3,4,"T","mother","GT3","U","1","health","services",1,2
"293",293,1,2,"T","mother","LE3","U","1","services","at_home",1,1
"294",294,1,3,"T","mother","LE3","R","0","services","other",1,1
"295",295,2,3,"T","mother","LE3","R","1","services","other",1,1
"296",296,3,3,"T","mother","GT3","U","1","health","other",1,3
"297",297,4,4,"T","other","GT3","U","1","health","other",2,3
"298",298,3,4,"T","other","LE3","U","1","other","other",1,2
"299",299,3,4,"T","father","GT3","U","1","other","other",1,1
"300",300,4,4,"T","mother","LE3","U","1","teacher","teacher",2,2
"301",301,4,4,"A","mother","LE3","U","1","health","other",1,1
"302",302,4,4,"T","father","LE3","U","1","other","teacher",2,2
"303",303,2,4,"T","mother","GT3","U","1","other","other",1,1
"304",304,2,3,"T","father","GT3","U","1","health","health",1,2
"305",305,3,3,"T","other","GT3","U","1","other","other",1,1
"306",306,4,2,"T","other","GT3","U","1","services","at_home",1,1
"307",307,2,3,"A","other","GT3","U","0","services","other",1,1
"308",308,4,4,"T","other","GT3","U","1","teacher","services",1,1
"309",309,3,3,"T","father","GT3","R","0","other","services",1,2
"310",310,1,1,"T","other","LE3","U","1","at_home","other",1,3
"311",311,2,1,"T","other","LE3","U","0","services","services",2,2
"312",312,1,2,"T","other","GT3","U","1","at_home","other",1,1
"313",313,2,1,"T","other","GT3","U","1","other","services",2,2
"314",314,2,3,"T","other","LE3","U","1","services","other",1,2
"315",315,1,1,"T","other","GT3","U","1","at_home","health",1,1
"316",316,3,2,"T","other","GT3","R","1","other","other",1,1
"317",317,1,2,"T","mother","GT3","U","1","services","other",1,2
"318",318,3,4,"T","mother","GT3","U","1","other","other",1,1
"319",319,4,3,"T","father","GT3","R","1","at_home","services",2,5
"320",320,4,4,"T","mother","GT3","U","1","teacher","other",3,3
"321",321,3,4,"A","mother","GT3","U","1","services","services",1,2
"322",322,2,2,"T","mother","GT3","U","0","other","other",1,1
"323",323,2,2,"T","mother","LE3","R","1","services","services",2,2
"324",324,1,3,"T","father","GT3","U","1","services","services",2,3
"325",325,2,0,"T","father","LE3","U","1","at_home","at_home",2,3
"326",326,4,4,"T","mother","GT3","U","1","other","other",2,2
"327",327,3,3,"T","mother","GT3","U","1","other","services",3,5
"328",328,2,2,"T","mother","GT3","R","1","services","other",5,5
"329",329,4,4,"T","mother","GT3","U","1","teacher","services",1,3
"330",330,4,4,"T","mother","GT3","U","1","teacher","teacher",1,2
"331",331,2,2,"T","mother","LE3","U","1","other","other",2,4
"332",332,4,2,"T","father","GT3","R","1","at_home","other",1,1
"333",333,3,3,"T","mother","GT3","U","1","services","services",1,1
"334",334,2,2,"T","other","LE3","U","1","other","other",1,1
"335",335,2,2,"T","mother","GT3","R","0","at_home","other",1,1
"336",336,4,3,"T","mother","GT3","U","1","services","other",1,3
"337",337,1,3,"A","other","GT3","R","0","services","at_home",1,2
"338",338,2,3,"T","mother","GT3","U","1","other","other",2,3
"339",339,3,3,"T","mother","LE3","U","1","services","services",1,1
"340",340,2,3,"A","mother","GT3","R","1","other","other",2,3
"341",341,1,2,"T","other","GT3","U","1","services","services",1,3
"342",342,4,4,"T","father","GT3","U","1","teacher","services",2,2
"343",343,4,3,"T","mother","LE3","U","1","services","other",1,3
"344",344,2,2,"A","father","GT3","U","1","at_home","at_home",1,2
"345",345,3,2,"T","mother","GT3","U","1","at_home","other",1,2
"346",346,2,3,"T","mother","GT3","U","1","other","services",2,3
"347",347,3,4,"T","mother","GT3","R","1","teacher","services",1,2
"348",348,3,4,"T","mother","GT3","U","1","teacher","other",2,3
"349",349,3,4,"T","mother","GT3","U","1","health","other",1,3
"350",350,2,3,"T","mother","GT3","R","1","other","other",5,5
"351",351,1,1,"T","other","GT3","R","1","other","services",3,3
"352",352,3,3,"T","mother","GT3","U","1","health","other",2,3
"353",353,3,1,"T","mother","LE3","U","1","at_home","services",2,3
"354",354,1,1,"T","other","GT3","R","1","other","other",3,3
"355",355,3,4,"T","mother","GT3","R","1","services","other",1,3
"356",356,3,3,"T","father","GT3","U","0","services","services",1,1
"357",357,4,4,"T","father","GT3","R","1","teacher","services",1,2
"358",358,2,3,"A","mother","LE3","U","0","services","other",1,2
"359",359,1,1,"T","father","LE3","U","1","other","services",1,2
"360",360,1,1,"T","father","LE3","U","1","at_home","services",1,1
"361",361,4,1,"A","mother","LE3","R","0","at_home","other",1,4
"362",362,1,1,"T","mother","LE3","R","0","at_home","other",2,3
"363",363,3,3,"T","mother","GT3","U","1","services","services",1,3
"364",364,4,4,"T","mother","LE3","U","1","at_home","at_home",1,1
"365",365,2,1,"T","father","GT3","R","0","other","services",1,2
"366",366,3,1,"T","mother","GT3","R","0","at_home","other",2,4
"367",367,4,4,"T","mother","LE3","U","1","teacher","services",2,2
"368",368,1,1,"T","mother","GT3","R","1","other","services",1,2
"369",369,3,2,"T","father","GT3","U","1","at_home","services",1,2
"370",370,4,4,"T","father","GT3","R","1","other","teacher",4,2
"371",371,2,3,"T","other","LE3","U","0","services","services",1,1
"372",372,2,1,"T","father","LE3","R","1","at_home","services",2,3
"373",373,2,2,"T","mother","GT3","U","0","other","at_home",1,1
"374",374,2,1,"T","mother","GT3","R","1","other","other",1,3
"375",375,4,4,"T","mother","LE3","R","1","other","other",1,1
"376",376,1,1,"T","mother","GT3","R","1","other","other",1,2
"377",377,2,4,"T","other","GT3","U","1","health","other",1,1
"378",378,4,4,"T","mother","LE3","R","1","teacher","services",3,4
"379",379,3,3,"T","mother","GT3","U","1","other","other",1,2
"380",380,1,3,"T","mother","GT3","R","1","at_home","other",2,3
"381",381,4,4,"T","father","GT3","U","1","teacher","teacher",1,4
"382",382,1,2,"T","mother","GT3","R","1","other","other",1,3
"383",383,3,2,"T","father","GT3","U","1","other","services",1,1
"384",384,1,1,"T","mother","GT3","R","0","other","services",1,3
"385",385,2,4,"T","father","GT3","R","0","other","other",4,3
"386",386,2,2,"T","mother","GT3","R","0","at_home","other",1,3
"387",387,4,4,"T","mother","GT3","R","1","teacher","at_home",2,2
"388",388,3,2,"T","mother","GT3","R","1","services","other",1,2
"389",389,1,3,"T","mother","LE3","U","1","teacher","services",1,1
"390",390,1,1,"T","mother","GT3","U","0","other","other",1,1
"391",391,2,2,"A","other","LE3","U","0","services","services",4,5
"392",392,1,3,"T","mother","LE3","U","1","services","services",3,4
"393",393,1,1,"T","other","GT3","R","0","other","other",3,3
"394",394,2,3,"T","mother","LE3","R","1","services","other",3,4
"395",395,1,1,"T","father","LE3","U","1","other","at_home",3,3
"396",396,4,4,"A","mother","GT3","U","0","at_home","teacher",1,1
"397",397,1,1,"T","father","GT3","U","1","at_home","other",1,1
"398",398,1,1,"T","mother","LE3","U","1","at_home","other",2,3
"399",399,2,4,"T","mother","GT3","U","1","health","services",1,1
"400",400,3,3,"T","father","GT3","U","0","other","other",1,2
"401",401,3,4,"T","mother","LE3","U","1","services","other",1,2
"402",402,2,2,"T","mother","LE3","U","1","other","other",1,1
"403",403,4,4,"A","mother","GT3","U","0","other","teacher",1,1
"404",404,2,3,"A","mother","LE3","U","1","services","other",1,1
"405",405,4,3,"T","mother","GT3","U","1","other","other",1,1
"406",406,4,4,"T","mother","GT3","U","1","teacher","health",1,2
"407",407,1,2,"T","father","GT3","U","1","services","other",1,1
"408",408,4,4,"T","father","LE3","U","1","health","services",1,3
"409",409,3,4,"T","mother","GT3","U","1","teacher","other",1,2
"410",410,2,2,"A","other","GT3","U","1","other","other",1,1
"411",411,4,4,"T","mother","GT3","U","1","health","other",1,2
"412",412,4,4,"T","mother","GT3","U","1","services","services",1,2
"413",413,3,3,"T","mother","GT3","U","0","other","other",1,1
"414",414,2,3,"T","mother","GT3","U","1","services","services",2,4
"415",415,3,4,"T","father","LE3","U","1","health","other",1,3
"416",416,3,4,"T","mother","GT3","U","1","teacher","other",1,1
"417",417,4,4,"T","father","GT3","U","1","health","health",1,1
"418",418,2,4,"T","mother","LE3","U","1","teacher","other",1,3
"419",419,2,2,"T","mother","LE3","U","1","other","other",2,4
"420",420,4,2,"T","mother","GT3","R","1","services","health",1,1
"421",421,2,2,"T","mother","GT3","U","1","services","services",1,3
"422",422,2,2,"T","mother","GT3","U","1","other","other",1,2
"423",423,2,4,"T","mother","GT3","U","1","health","services",2,4
"424",424,4,3,"A","mother","LE3","U","1","services","other",1,1
"425",425,4,4,"T","mother","GT3","U","1","teacher","teacher",5,5
"426",426,4,4,"T","mother","GT3","U","1","health","services",3,4
"427",427,4,4,"T","mother","GT3","U","1","services","services",1,1
"428",428,3,4,"T","mother","GT3","R","1","teacher","at_home",1,1
"429",429,3,3,"T","mother","LE3","U","1","other","other",1,1
"430",430,2,3,"T","mother","GT3","U","1","other","other",1,1
"431",431,3,2,"T","father","GT3","U","0","other","other",1,1
"432",432,3,4,"T","mother","LE3","U","1","teacher","services",1,1
"433",433,4,4,"A","mother","GT3","R","1","other","teacher",1,1
"434",434,4,3,"T","mother","GT3","R","1","services","health",1,1
"435",435,2,2,"T","mother","GT3","R","0","at_home","other",1,1
"436",436,2,2,"T","mother","LE3","U","1","other","other",1,2
"437",437,4,4,"T","other","LE3","U","1","teacher","other",2,4
"438",438,4,4,"T","father","GT3","U","1","services","teacher",1,1
"439",439,2,2,"T","father","GT3","U","1","services","services",1,1
"440",440,2,2,"T","father","LE3","U","1","other","at_home",2,2
"441",441,3,4,"A","mother","LE3","U","1","other","other",1,1
"442",442,3,3,"A","mother","LE3","U","1","other","services",1,4
"443",443,3,4,"T","mother","GT3","U","1","health","services",1,1
"444",444,2,4,"T","mother","GT3","U","0","teacher","other",2,2
"445",445,4,4,"T","father","GT3","U","1","services","teacher",1,1
"446",446,2,2,"T","mother","LE3","U","1","services","services",2,3
"447",447,2,4,"T","mother","LE3","U","1","health","other",1,1
"448",448,2,4,"A","father","LE3","U","0","health","health",3,4
"449",449,4,4,"T","mother","GT3","U","1","services","services",2,3
"450",450,3,3,"A","mother","LE3","U","1","other","other",4,4
"451",451,1,2,"A","mother","GT3","U","1","other","other",1,1
"452",452,3,4,"A","mother","GT3","U","1","services","services",1,1
"453",453,4,4,"T","mother","GT3","U","0","teacher","health",1,1
"454",454,2,1,"T","father","LE3","U","1","other","at_home",1,1
"455",455,2,4,"T","mother","GT3","U","1","services","other",1,1
"456",456,4,4,"T","mother","GT3","R","0","health","teacher",2,3
"457",457,1,1,"T","father","GT3","U","1","services","services",5,5
"458",458,2,1,"T","father","LE3","U","1","other","services",1,1
"459",459,3,4,"T","mother","GT3","U","1","teacher","health",2,4
"460",460,3,4,"T","father","LE3","U","1","services","services",2,4
"461",461,3,4,"T","mother","LE3","U","1","teacher","services",1,2
"462",462,4,4,"A","mother","GT3","U","1","other","services",5,5
"463",463,1,3,"T","mother","GT3","U","1","services","other",1,2
"464",464,2,2,"T","mother","LE3","R","1","health","services",1,3
"465",465,1,3,"T","father","LE3","R","1","other","other",2,3
"466",466,1,3,"T","father","GT3","U","1","other","other",1,1
"467",467,2,4,"T","mother","GT3","U","1","other","other",1,1
"468",468,1,1,"T","mother","GT3","R","1","other","other",2,4
"469",469,1,3,"T","mother","GT3","U","0","other","other",2,2
"470",470,3,3,"T","mother","GT3","U","1","other","services",2,4
"471",471,3,4,"T","mother","GT3","U","1","teacher","other",2,3
"472",472,0,4,"T","mother","GT3","U","1","teacher","other",1,1
"473",473,2,2,"T","mother","GT3","U","1","other","other",1,3
"474",474,1,2,"T","mother","GT3","U","1","other","other",1,1
"475",475,4,3,"T","mother","GT3","U","1","at_home","other",1,2
"476",476,3,2,"T","father","GT3","U","1","other","services",1,3
"477",477,3,2,"T","mother","GT3","U","1","other","other",1,2
"478",478,2,3,"T","mother","LE3","U","1","services","other",1,1
"479",479,2,2,"T","mother","LE3","U","1","services","services",1,3
"480",480,1,1,"T","father","GT3","U","1","other","other",2,3
"481",481,4,4,"T","father","GT3","U","1","services","services",2,3
"482",482,2,2,"T","mother","LE3","U","0","at_home","other",1,2
"483",483,2,4,"T","mother","GT3","U","1","other","other",1,3
"484",484,2,2,"T","father","GT3","U","1","services","other",1,1
"485",485,4,4,"A","mother","LE3","U","0","teacher","health",3,5
"486",486,3,3,"T","mother","GT3","U","1","other","other",1,3
"487",487,3,4,"T","mother","GT3","U","1","services","other",1,3
"488",488,1,3,"T","father","LE3","U","0","other","other",2,3
"489",489,2,4,"T","mother","GT3","U","1","teacher","services",1,1
"490",490,2,2,"T","mother","LE3","U","1","services","health",1,1
"491",491,1,1,"T","mother","GT3","R","1","at_home","other",1,1
"492",492,3,4,"T","mother","GT3","R","1","services","other",1,1
"493",493,1,2,"T","mother","GT3","U","0","other","other",1,1
"494",494,4,4,"T","mother","GT3","U","1","other","other",1,2
"495",495,3,4,"T","mother","GT3","U","1","other","at_home",1,1
"496",496,4,4,"T","mother","GT3","U","1","services","services",5,5
"497",497,4,4,"T","father","GT3","U","1","services","teacher",1,1
"498",498,4,4,"T","mother","GT3","U","1","services","other",1,1
"499",499,2,3,"T","mother","GT3","U","1","services","other",1,1
"500",500,4,3,"A","mother","GT3","U","1","services","other",1,1
"501",501,3,3,"A","father","GT3","U","0","other","health",1,1
"502",502,2,2,"T","mother","GT3","U","1","other","other",1,1
"503",503,3,3,"T","father","GT3","U","1","services","other",1,1
"504",504,4,4,"T","father","GT3","R","1","other","other",3,5
"505",505,4,4,"T","mother","LE3","U","1","health","health",1,1
"506",506,4,4,"A","mother","LE3","U","1","teacher","teacher",1,1
"507",507,3,3,"T","father","GT3","R","1","services","other",1,1
"508",508,2,2,"T","mother","GT3","U","1","at_home","other",1,1
"509",509,2,4,"T","mother","LE3","U","1","teacher","other",1,1
"510",510,1,2,"T","mother","GT3","R","1","health","services",1,1
"511",511,4,4,"T","father","GT3","U","1","teacher","teacher",1,2
"512",512,4,4,"T","father","GT3","U","0","other","teacher",1,1
"513",513,3,3,"T","father","GT3","U","1","other","services",1,1
"514",514,3,1,"T","father","GT3","R","1","other","other",1,4
"515",515,4,3,"T","father","GT3","U","1","other","other",1,2
"516",516,2,1,"T","mother","GT3","U","1","at_home","services",1,2
"517",517,2,2,"T","father","GT3","U","1","services","services",1,2
"518",518,4,2,"T","father","LE3","U","1","other","health",1,2
"519",519,4,4,"T","mother","GT3","U","1","health","other",1,4
"520",520,2,2,"T","mother","GT3","U","1","other","other",1,1
"521",521,4,3,"T","father","GT3","U","1","services","services",3,2
"522",522,4,3,"A","mother","LE3","U","1","other","other",1,1
"523",523,1,0,"T","other","GT3","U","0","at_home","other",1,1
"524",524,4,4,"T","mother","GT3","R","1","teacher","teacher",2,5
"525",525,3,2,"T","mother","GT3","U","1","other","other",2,2
"526",526,4,3,"T","father","GT3","R","1","services","teacher",2,2
"527",527,1,2,"T","mother","GT3","U","1","services","other",1,3
"528",528,1,2,"A","mother","LE3","U","1","other","other",1,2
"529",529,1,1,"T","mother","GT3","U","1","at_home","other",1,2
"530",530,2,2,"T","father","LE3","U","1","other","other",1,3
"531",531,4,3,"A","father","GT3","U","1","services","other",1,4
"532",532,1,2,"T","mother","GT3","U","0","at_home","other",1,1
"533",533,2,2,"A","mother","GT3","U","0","other","other",1,1
"534",534,4,3,"T","mother","GT3","R","0","at_home","teacher",1,1
"535",535,4,4,"T","mother","GT3","U","1","services","at_home",1,1
"536",536,4,3,"T","mother","GT3","R","0","at_home","other",2,4
"537",537,1,1,"T","mother","GT3","R","0","at_home","other",1,1
"538",538,1,3,"T","mother","LE3","U","1","services","services",4,5
"539",539,2,3,"A","other","GT3","U","1","other","services",5,1
"540",540,1,1,"T","mother","GT3","R","0","other","services",1,2
"541",541,3,3,"A","other","GT3","U","1","other","other",1,1
"542",542,1,1,"T","mother","LE3","U","0","services","other",1,3
"543",543,4,4,"T","mother","GT3","U","1","teacher","teacher",1,1
"544",544,1,1,"T","mother","GT3","R","1","other","other",1,1
"545",545,3,4,"T","father","GT3","U","1","teacher","services",1,1
"546",546,3,3,"A","mother","GT3","U","0","services","services",2,3
"547",547,4,4,"T","mother","GT3","U","1","services","services",1,3
"548",548,2,2,"T","father","LE3","U","1","services","services",2,2
"549",549,4,4,"T","mother","GT3","U","1","teacher","services",1,1
"550",550,1,1,"T","mother","LE3","U","1","at_home","at_home",3,3
"551",551,1,2,"T","mother","GT3","U","1","other","other",1,2
"552",552,1,1,"T","father","GT3","U","1","other","services",1,2
"553",553,1,2,"A","mother","LE3","U","1","at_home","other",1,1
"554",554,2,3,"T","father","GT3","U","1","health","services",1,1
"555",555,2,1,"T","mother","GT3","U","1","at_home","other",1,1
"556",556,2,1,"T","father","GT3","U","0","at_home","services",2,4
"557",557,4,4,"T","mother","GT3","U","1","teacher","teacher",2,1
"558",558,1,2,"A","mother","LE3","U","1","services","other",2,5
"559",559,1,1,"T","mother","LE3","U","1","other","other",2,5
"560",560,1,2,"T","mother","LE3","U","0","at_home","other",3,5
"561",561,3,3,"T","other","GT3","R","1","services","services",2,3
"562",562,2,3,"T","mother","GT3","U","1","services","at_home",1,1
"563",563,4,4,"T","mother","GT3","U","0","other","teacher",1,1
"564",564,3,2,"T","mother","GT3","R","0","at_home","services",1,1
"565",565,2,1,"T","mother","LE3","R","0","other","other",3,3
"566",566,1,1,"T","mother","GT3","R","0","at_home","other",1,5
"567",567,2,2,"T","mother","GT3","R","0","at_home","other",1,2
"568",568,3,3,"T","father","GT3","U","1","other","services",4,4
"569",569,2,1,"T","mother","LE3","U","1","health","services",3,5
"570",570,1,2,"T","mother","LE3","R","1","at_home","other",2,2
"571",571,2,3,"T","mother","GT3","R","1","other","other",1,4
"572",572,2,1,"T","mother","LE3","U","0","other","other",2,4
"573",573,3,1,"T","father","GT3","U","1","at_home","services",1,4
"574",574,1,1,"T","mother","LE3","R","0","other","services",1,5
"575",575,2,3,"T","mother","GT3","U","0","services","services",1,1
"576",576,2,2,"T","father","GT3","U","1","other","other",2,4
"577",577,2,4,"T","father","GT3","U","1","health","services",1,1
"578",578,2,2,"T","mother","GT3","U","1","other","other",1,1
"579",579,4,4,"T","mother","GT3","U","1","health","health",1,1
"580",580,4,3,"T","father","GT3","U","1","other","other",2,4
"581",581,0,1,"T","mother","GT3","U","1","other","other",1,1
"582",582,4,4,"T","mother","LE3","U","1","teacher","other",1,3
"583",583,3,1,"T","mother","GT3","U","1","at_home","services",1,1
"584",584,3,3,"T","mother","LE3","U","1","other","other",1,1
"585",585,3,4,"T","mother","LE3","U","1","teacher","other",4,4
"586",586,2,2,"T","mother","GT3","U","1","services","other",1,4
"587",587,3,3,"T","father","GT3","U","1","other","other",1,4
"588",588,2,4,"T","mother","GT3","R","1","teacher","services",3,4
"589",589,3,4,"T","mother","GT3","U","1","other","other",1,1
"590",590,3,4,"T","mother","GT3","U","1","teacher","other",2,3
"591",591,3,3,"T","mother","GT3","U","1","services","other",1,2
"592",592,4,2,"T","father","GT3","U","0","services","services",2,3
"593",593,3,3,"T","mother","LE3","U","1","other","other",2,3
"594",594,2,3,"T","mother","GT3","U","1","other","other",1,2
"595",595,3,3,"T","mother","GT3","U","1","services","services",2,3
"596",596,2,1,"T","mother","GT3","U","1","services","services",1,2
"597",597,1,2,"T","mother","LE3","U","1","other","other",1,2
"598",598,3,3,"A","mother","GT3","U","1","health","other",1,3
"599",599,2,1,"T","mother","GT3","R","0","at_home","other",1,5
"600",600,3,2,"T","mother","GT3","U","1","services","services",1,1
"601",601,1,1,"T","mother","GT3","U","1","at_home","services",1,1
"602",602,2,1,"T","other","GT3","U","1","at_home","services",4,5
"603",603,3,3,"T","mother","GT3","R","1","services","services",3,4
"604",604,3,2,"T","father","GT3","U","1","other","other",1,1
"605",605,4,2,"T","father","LE3","U","1","services","services",1,1
"606",606,4,4,"T","mother","GT3","U","1","services","teacher",1,2
"607",607,3,3,"T","father","LE3","R","1","teacher","other",3,5
"608",608,4,4,"T","mother","GT3","U","1","services","teacher",2,3
"609",609,4,4,"T","mother","LE3","U","1","teacher","teacher",1,2
"610",610,3,4,"T","mother","GT3","U","1","health","other",1,5
"611",611,3,2,"T","mother","GT3","U","0","other","other",1,3
"612",612,1,1,"T","mother","GT3","U","0","other","other",1,3
"613",613,2,2,"T","mother","GT3","R","1","other","other",1,2
"614",614,2,2,"T","mother","GT3","R","1","services","services",1,1
"615",615,4,3,"T","mother","GT3","U","1","at_home","services",3,4
"616",616,1,3,"A","mother","GT3","U","1","services","other",2,2
"617",617,3,4,"T","mother","GT3","U","1","teacher","other",1,1
"618",618,1,1,"T","mother","GT3","U","0","at_home","other",1,4
"619",619,3,4,"T","mother","GT3","R","1","teacher","other",1,1
"620",620,3,3,"T","other","GT3","U","1","other","other",1,2
"621",621,4,4,"T","mother","LE3","U","1","services","other",4,5
"622",622,2,2,"A","mother","GT3","U","1","other","other",1,1
"623",623,2,2,"T","mother","GT3","U","1","services","other",2,4
"624",624,4,4,"T","mother","LE3","R","0","services","other",1,2
"625",625,2,3,"T","mother","LE3","U","1","other","other",1,3
"626",626,3,4,"T","mother","GT3","U","1","other","other",2,4
"627",627,3,3,"T","father","LE3","U","1","services","health",2,4
"628",628,3,2,"T","father","GT3","U","0","at_home","other",1,4
"629",629,2,2,"T","mother","GT3","U","1","at_home","at_home",1,1
"630",630,1,2,"T","mother","GT3","R","1","at_home","services",1,2
"631",631,1,1,"T","mother","GT3","U","0","at_home","other",1,1
"632",632,3,2,"T","mother","GT3","U","1","services","teacher",1,1
"633",633,2,2,"T","mother","GT3","U","1","other","other",5,5
"634",634,4,4,"T","mother","GT3","U","1","teacher","services",1,1
"635",635,1,3,"T","mother","GT3","R","1","other","other",1,1
"636",636,2,3,"T","mother","GT3","U","1","other","other",1,3
"637",637,3,2,"T","father","LE3","U","1","services","services",1,3
"638",638,1,2,"T","mother","LE3","U","1","at_home","other",4,5
"639",639,1,2,"A","mother","GT3","U","1","other","other",1,2
"640",640,3,4,"T","father","LE3","U","1","health","other",1,2
"641",641,2,2,"T","father","GT3","R","1","other","other",1,1
"642",642,4,4,"T","mother","GT3","U","1","teacher","teacher",1,3
"643",643,4,4,"T","father","GT3","U","1","health","other",2,4
"644",644,1,1,"T","mother","LE3","U","1","other","other",1,1
"645",645,2,3,"T","mother","GT3","U","1","at_home","other",1,3
"646",646,2,2,"T","father","LE3","U","1","other","other",5,5
"647",647,1,2,"T","mother","GT3","U","1","other","other",1,1
"648",648,1,4,"A","mother","GT3","U","1","other","other",1,2
"649",649,4,2,"A","mother","LE3","U","1","services","other",1,1
"650",650,2,2,"T","mother","LE3","U","1","at_home","services",1,1
"651",651,3,3,"T","mother","GT3","U","1","other","other",1,1
"652",652,2,2,"T","other","GT3","U","1","other","at_home",2,2
"653",653,4,4,"T","mother","GT3","U","1","teacher","teacher",1,2
"654",654,2,3,"T","father","GT3","U","0","other","other",1,1
"655",655,1,1,"T","mother","LE3","U","1","at_home","at_home",1,2
"656",656,2,1,"T","mother","GT3","U","1","other","other",1,2
"657",657,1,2,"T","mother","GT3","R","0","at_home","services",1,1
"658",658,4,1,"A","other","LE3","R","1","other","other",1,1
"659",659,2,2,"T","father","GT3","U","1","other","services",3,5
"660",660,2,2,"A","mother","LE3","U","1","other","other",1,1
"661",661,1,1,"T","mother","LE3","R","1","at_home","other",1,3
"662",662,2,4,"A","mother","LE3","U","0","teacher","other",1,1
"663",663,3,4,"T","mother","LE3","U","1","health","other",1,4
"664",664,4,4,"A","mother","LE3","R","1","teacher","other",2,3
"665",665,3,4,"T","mother","LE3","U","1","teacher","other",1,1
"666",666,4,4,"T","mother","GT3","U","1","services","services",1,2
"667",667,4,4,"T","mother","GT3","U","1","teacher","services",1,4
"668",668,1,1,"T","father","GT3","R","1","other","other",1,1
"669",669,3,3,"T","mother","GT3","U","1","services","other",2,3
"670",670,1,1,"T","mother","GT3","U","0","at_home","other",1,1
"671",671,1,2,"T","other","GT3","U","1","other","other",1,1
"672",672,1,2,"T","mother","GT3","U","1","other","other",1,1
"673",673,1,1,"T","father","GT3","U","0","other","services",1,2
"674",674,3,2,"T","father","GT3","U","1","other","other",1,1
"675",675,1,3,"T","mother","GT3","U","1","services","services",5,5
"676",676,3,3,"T","mother","LE3","R","1","other","services",1,3
"677",677,2,0,"T","mother","GT3","U","1","other","other",2,4
"678",678,2,3,"T","mother","GT3","U","1","services","other",2,4
"679",679,3,3,"T","other","GT3","U","1","at_home","other",1,3
"680",680,1,2,"T","mother","GT3","U","1","services","services",2,5
"681",681,1,2,"T","mother","GT3","R","0","other","other",1,3
"682",682,1,2,"T","mother","GT3","R","1","other","other",2,4
"683",683,1,1,"T","mother","LE3","U","1","health","other",1,2
"684",684,1,2,"A","mother","LE3","U","1","other","other",1,3
"685",685,2,4,"T","mother","LE3","U","1","teacher","services",1,1
"686",686,2,2,"T","mother","GT3","U","1","services","services",1,1
"687",687,1,2,"T","mother","LE3","U","1","services","other",4,4
"688",688,2,4,"T","mother","GT3","R","1","other","other",1,3
"689",689,1,1,"T","mother","LE3","U","0","other","at_home",2,3
"690",690,2,2,"T","mother","GT3","R","0","other","other",1,1
"691",691,3,4,"A","mother","LE3","U","1","services","at_home",1,1
"692",692,1,2,"T","mother","GT3","U","1","other","other",1,2
"693",693,2,2,"T","mother","GT3","R","0","other","services",1,1
"694",694,2,2,"T","father","LE3","U","1","services","services",1,1
"695",695,1,2,"T","other","GT3","R","1","other","other",1,2
"696",696,3,4,"T","father","GT3","U","1","services","other",1,3
"697",697,3,4,"T","mother","GT3","U","1","teacher","other",1,1
"698",698,2,3,"T","mother","GT3","R","0","other","other",1,1
"699",699,3,3,"T","mother","GT3","U","0","other","other",1,1
"700",700,2,2,"T","mother","GT3","U","1","at_home","services",1,1
"701",701,2,2,"T","father","GT3","U","1","other","other",2,3
"702",702,4,3,"A","mother","LE3","R","1","other","other",3,4
"703",703,1,3,"T","mother","GT3","U","1","services","other",3,4
"704",704,4,4,"T","mother","GT3","R","1","teacher","other",2,2
"705",705,2,4,"T","father","GT3","U","1","health","other",1,3
"706",706,1,2,"T","mother","GT3","R","1","other","other",1,2
"707",707,3,3,"T","other","GT3","U","1","other","services",3,3
"708",708,3,2,"T","father","GT3","U","1","other","services",1,3
"709",709,1,1,"T","mother","LE3","U","0","other","other",1,1
"710",710,2,1,"T","mother","GT3","R","0","at_home","at_home",2,2
"711",711,1,2,"T","mother","GT3","U","1","other","other",1,2
"712",712,4,2,"T","mother","GT3","U","1","at_home","health",1,1
"713",713,2,2,"T","mother","LE3","U","1","services","other",2,3
"714",714,2,3,"A","mother","GT3","R","1","other","services",1,1
"715",715,4,4,"T","mother","GT3","U","1","teacher","services",1,4
"716",716,4,4,"T","father","GT3","U","1","health","health",1,1
"717",717,2,2,"T","father","GT3","U","1","other","services",1,1
"718",718,2,3,"T","father","GT3","R","1","services","services",4,3
"719",719,3,4,"T","mother","LE3","U","1","teacher","services",1,2
"720",720,2,1,"T","other","GT3","U","1","at_home","other",2,4
"721",721,1,4,"A","mother","LE3","U","1","services","other",2,4
"722",722,2,3,"A","mother","LE3","U","1","teacher","services",3,4
"723",723,1,1,"T","mother","LE3","R","0","at_home","other",1,1
"724",724,1,1,"T","mother","GT3","U","1","other","other",1,1
"725",725,2,2,"T","mother","GT3","U","1","other","other",1,2
"726",726,1,2,"T","mother","GT3","U","1","other","other",1,1
"727",727,1,1,"T","father","GT3","U","1","other","other",1,2
"728",728,2,2,"T","mother","GT3","U","1","at_home","at_home",1,2
"729",729,1,1,"T","mother","GT3","U","1","services","teacher",1,1
"730",730,1,2,"T","mother","GT3","U","1","services","services",1,3
"731",731,4,4,"A","mother","LE3","U","1","teacher","teacher",1,1
"732",732,2,4,"T","mother","GT3","U","1","teacher","other",1,4
"733",733,3,4,"T","mother","GT3","U","1","health","services",1,2
"734",734,1,3,"T","mother","LE3","R","0","services","other",1,1
"735",735,2,3,"T","mother","LE3","R","1","services","other",1,1
"736",736,3,3,"T","mother","GT3","U","1","health","other",1,3
"737",737,4,4,"T","other","GT3","U","1","health","other",2,3
"738",738,3,4,"T","other","LE3","U","1","other","other",1,2
"739",739,3,4,"T","father","GT3","U","1","other","other",1,1
"740",740,4,4,"T","mother","LE3","U","1","teacher","teacher",2,2
"741",741,4,4,"A","mother","LE3","U","1","health","other",1,1
"742",742,4,4,"T","father","LE3","U","1","other","teacher",2,2
"743",743,4,4,"T","mother","GT3","R","1","services","services",1,1
"744",744,2,4,"T","mother","GT3","U","1","other","other",1,1
"745",745,2,3,"T","father","GT3","U","1","health","health",1,2
"746",746,1,2,"T","mother","LE3","R","1","at_home","services",1,1
"747",747,2,3,"A","other","GT3","U","0","services","other",1,1
"748",748,3,3,"T","father","GT3","R","0","other","services",1,2
"749",749,4,1,"T","mother","GT3","U","0","other","teacher",1,2
"750",750,1,2,"T","mother","GT3","U","1","services","other",1,2
"751",751,3,2,"T","father","GT3","U","1","other","other",1,1
"752",752,4,4,"T","mother","GT3","R","1","teacher","teacher",1,1
"753",753,3,4,"T","mother","GT3","U","1","other","other",1,1
"754",754,3,4,"T","mother","LE3","U","1","health","services",1,4
"755",755,4,3,"T","father","GT3","R","1","at_home","services",2,5
"756",756,3,3,"T","father","GT3","U","1","at_home","other",1,1
"757",757,2,4,"T","mother","GT3","U","1","health","other",1,1
"758",758,4,4,"T","mother","GT3","U","1","teacher","other",3,3
"759",759,4,3,"T","mother","GT3","U","1","other","other",1,1
"760",760,4,4,"T","mother","GT3","U","1","health","health",1,2
"761",761,3,4,"A","mother","GT3","U","1","services","services",1,2
"762",762,3,3,"A","mother","LE3","U","1","services","other",1,1
"763",763,1,2,"T","father","LE3","U","1","other","other",2,2
"764",764,4,4,"T","father","LE3","U","1","other","other",3,4
"765",765,1,1,"T","other","GT3","U","0","other","other",4,3
"766",766,1,1,"A","other","LE3","U","1","other","other",1,1
"767",767,2,2,"T","mother","GT3","U","1","other","other",2,4
"768",768,2,2,"T","mother","GT3","U","0","other","other",1,1
"769",769,2,2,"T","mother","LE3","R","1","services","services",2,2
"770",770,1,3,"T","father","GT3","U","1","services","services",2,3
"771",771,2,0,"T","father","LE3","U","1","at_home","at_home",2,3
"772",772,1,1,"T","mother","GT3","U","1","other","other",1,2
"773",773,4,4,"T","mother","GT3","U","1","other","other",2,2
"774",774,3,3,"T","mother","GT3","U","1","other","services",3,5
"775",775,2,2,"T","mother","GT3","R","1","services","other",5,5
"776",776,4,4,"T","mother","GT3","U","1","teacher","services",1,3
"777",777,4,4,"T","mother","GT3","U","1","teacher","teacher",1,2
"778",778,3,3,"T","mother","GT3","U","1","at_home","other",2,5
"779",779,2,2,"T","mother","LE3","U","1","other","other",2,4
"780",780,2,3,"T","other","GT3","R","0","at_home","services",2,2
"781",781,2,2,"T","mother","GT3","U","0","at_home","other",1,1
"782",782,4,2,"T","father","GT3","R","1","at_home","other",1,1
"783",783,2,2,"T","mother","GT3","U","1","other","other",1,2
"784",784,3,3,"T","mother","GT3","U","1","services","services",1,1
"785",785,2,2,"T","other","LE3","U","1","other","other",1,1
"786",786,2,2,"T","mother","GT3","R","0","at_home","other",1,1
"787",787,4,3,"T","mother","GT3","U","1","services","other",1,3
"788",788,2,3,"T","mother","GT3","U","1","other","other",2,3
"789",789,3,3,"T","mother","LE3","U","1","services","services",1,1
"790",790,2,3,"A","mother","GT3","R","1","other","other",2,3
"791",791,4,4,"T","father","GT3","U","1","teacher","services",2,2
"792",792,4,3,"T","mother","LE3","U","1","services","other",1,3
"793",793,2,2,"A","father","GT3","U","1","at_home","at_home",1,2
"794",794,3,2,"T","mother","GT3","U","1","at_home","other",1,2
"795",795,2,3,"T","mother","GT3","U","1","other","services",2,3
"796",796,3,4,"T","mother","GT3","R","1","teacher","services",1,2
"797",797,3,4,"T","mother","GT3","U","1","teacher","other",2,3
"798",798,3,4,"T","mother","GT3","U","1","health","other",1,3
"799",799,1,2,"T","mother","GT3","U","1","services","other",2,2
"800",800,1,2,"T","mother","GT3","U","1","services","other",2,4
"801",801,3,2,"A","other","LE3","U","1","at_home","other",3,4
"802",802,1,3,"T","mother","GT3","U","1","other","at_home",1,1
"803",803,4,4,"T","other","LE3","U","1","other","other",1,1
"804",804,2,2,"T","mother","LE3","U","1","services","services",1,3
"805",805,4,3,"A","other","LE3","U","1","other","other",1,4
"806",806,2,2,"T","mother","GT3","U","1","services","services",1,3
"807",807,4,4,"A","mother","LE3","U","1","health","other",1,2
"808",808,2,4,"T","mother","LE3","U","1","teacher","other",1,1
"809",809,1,1,"T","other","LE3","R","1","at_home","other",5,2
"810",810,1,1,"T","other","GT3","R","1","other","other",1,3
"811",811,4,4,"T","other","GT3","U","1","teacher","other",4,4
"812",812,2,3,"A","mother","LE3","U","1","other","other",1,2
"813",813,2,3,"T","father","GT3","U","1","at_home","other",1,2
"814",814,3,2,"T","father","GT3","R","1","other","services",4,5
"815",815,1,2,"T","mother","GT3","U","1","other","other",1,4
"816",816,2,2,"A","mother","LE3","U","1","services","other",1,3
"817",817,0,1,"T","mother","GT3","U","1","other","other",1,1
"818",818,2,3,"T","mother","GT3","U","1","services","other",1,2
"819",819,3,1,"T","father","GT3","U","1","at_home","other",1,3
"820",820,2,2,"T","mother","GT3","R","1","other","other",1,1
"821",821,1,1,"T","mother","GT3","R","0","at_home","services",1,1
"822",822,3,3,"T","mother","GT3","R","1","at_home","other",2,3
"823",823,3,2,"T","mother","GT3","R","0","at_home","services",1,2
"824",824,1,2,"T","mother","LE3","R","0","at_home","other",1,1
"825",825,4,4,"A","mother","LE3","R","0","at_home","other",1,3
"826",826,2,1,"A","mother","GT3","U","1","other","other",1,1
"827",827,2,3,"T","father","GT3","R","0","at_home","other",1,2
"828",828,1,1,"T","father","GT3","R","1","other","other",2,2
"829",829,4,4,"T","mother","GT3","R","1","teacher","other",3,5
"830",830,2,2,"A","mother","LE3","U","0","at_home","other",1,1
"831",831,1,1,"T","father","LE3","R","1","at_home","services",1,2
"832",832,1,1,"T","mother","LE3","R","1","other","services",1,2
"833",833,2,0,"T","mother","GT3","R","0","other","other",1,2
"834",834,3,2,"T","mother","GT3","R","1","other","other",1,3
"835",835,3,3,"T","father","GT3","R","1","other","services",1,1
"836",836,1,1,"T","mother","GT3","U","0","at_home","services",4,5
"837",837,1,1,"T","mother","GT3","U","1","other","other",2,4
"838",838,1,4,"T","father","LE3","R","1","health","services",1,2
"839",839,1,4,"T","father","LE3","R","1","health","services",1,2
"840",840,4,3,"T","mother","GT3","R","0","other","health",1,2
"841",841,1,1,"T","mother","GT3","R","0","other","other",2,4
"842",842,3,3,"T","father","LE3","U","1","at_home","at_home",1,1
"843",843,1,2,"T","mother","GT3","R","0","other","other",5,5
"844",844,4,4,"T","mother","GT3","R","1","teacher","teacher",1,1
"845",845,2,1,"T","mother","GT3","R","0","other","services",1,1
"846",846,3,2,"T","mother","GT3","R","1","other","services",1,2
"847",847,2,1,"T","father","GT3","R","0","other","other",1,1
"848",848,2,2,"T","mother","GT3","R","1","other","other",1,1
"849",849,2,1,"T","mother","GT3","U","0","other","services",1,2
"850",850,2,1,"T","mother","GT3","U","0","other","services",1,2
"851",851,1,2,"T","mother","GT3","U","1","at_home","other",3,3
"852",852,1,1,"T","father","GT3","U","0","at_home","other",2,1
"853",853,2,1,"T","mother","LE3","R","1","at_home","services",5,5
"854",854,1,1,"T","father","GT3","R","1","other","other",1,1
"855",855,1,1,"T","father","GT3","R","0","at_home","other",1,1
"856",856,1,1,"T","father","GT3","R","1","at_home","other",1,1
"857",857,1,1,"T","mother","GT3","R","1","at_home","other",4,3
"858",858,1,1,"T","father","GT3","R","0","at_home","at_home",1,2
"859",859,2,2,"T","father","LE3","R","0","other","other",2,2
"860",860,1,1,"T","father","GT3","R","0","at_home","other",3,4
"861",861,2,1,"T","father","GT3","U","1","other","other",2,3
"862",862,1,3,"T","mother","GT3","U","0","other","services",1,3
"863",863,2,2,"T","father","GT3","R","1","other","services",1,1
"864",864,2,2,"T","mother","GT3","U","0","health","other",1,2
"865",865,4,4,"T","father","GT3","U","0","other","teacher",1,1
"866",866,3,3,"T","mother","GT3","R","1","services","other",1,1
"867",867,2,2,"T","mother","GT3","R","0","at_home","other",2,3
"868",868,2,2,"T","father","LE3","R","0","other","other",1,1
"869",869,1,2,"T","mother","LE3","U","1","at_home","services",2,3
"870",870,3,1,"T","father","LE3","R","1","at_home","other",3,5
"871",871,2,2,"T","mother","GT3","U","0","other","services",1,1
"872",872,1,2,"T","mother","LE3","R","1","other","other",1,1
"873",873,3,3,"T","father","GT3","U","1","services","services",2,4
"874",874,1,1,"T","father","GT3","R","0","at_home","other",1,1
"875",875,2,2,"T","mother","GT3","U","0","other","at_home",1,1
"876",876,3,2,"T","other","GT3","U","1","at_home","services",1,1
"877",877,1,2,"T","mother","GT3","R","0","at_home","other",1,1
"878",878,1,1,"T","mother","LE3","R","0","at_home","other",1,3
"879",879,2,2,"T","father","GT3","R","1","other","other",1,2
"880",880,2,2,"A","mother","LE3","U","0","other","other",1,2
"881",881,2,2,"T","mother","GT3","R","1","at_home","other",1,2
"882",882,2,2,"T","father","GT3","U","1","other","services",1,4
"883",883,2,3,"A","other","LE3","R","0","other","other",1,1
"884",884,1,1,"T","mother","GT3","U","0","at_home","services",1,1
"885",885,1,1,"T","mother","GT3","R","1","other","other",3,4
"886",886,1,1,"T","mother","GT3","R","1","at_home","at_home",1,1
"887",887,1,1,"T","other","GT3","U","1","other","other",4,1
"888",888,2,2,"A","mother","GT3","R","0","health","other",1,1
"889",889,1,0,"T","father","GT3","U","0","other","at_home",3,5
"890",890,2,1,"T","mother","LE3","R","1","at_home","other",1,3
"891",891,3,3,"T","mother","GT3","U","1","other","other",1,1
"892",892,1,1,"T","mother","LE3","R","1","services","services",2,2
"893",893,3,3,"T","mother","GT3","U","0","services","at_home",3,4
"894",894,1,2,"T","mother","GT3","U","1","other","services",1,1
"895",895,2,2,"T","mother","GT3","U","0","services","other",1,2
"896",896,2,1,"T","father","GT3","U","1","other","other",5,5
"897",897,3,4,"T","father","LE3","U","1","other","other",1,5
"898",898,2,2,"T","mother","LE3","R","0","services","services",3,5
"899",899,1,1,"T","other","GT3","U","1","other","other",1,1
"900",900,2,2,"T","mother","LE3","U","1","other","other",1,1
"901",901,1,1,"T","mother","GT3","R","1","at_home","other",1,2
"902",902,3,3,"T","mother","GT3","U","1","at_home","services",2,4
"903",903,1,1,"T","father","LE3","U","0","other","services",1,1
"904",904,2,2,"T","mother","GT3","R","1","other","other",1,2
"905",905,1,1,"T","father","LE3","R","0","at_home","other",1,1
"906",906,2,2,"T","mother","GT3","R","0","other","other",1,1
"907",907,0,1,"A","mother","GT3","U","1","other","other",1,1
"908",908,1,1,"T","mother","GT3","R","1","at_home","other",1,1
"909",909,1,3,"T","mother","GT3","U","1","other","other",1,3
"910",910,2,3,"T","mother","GT3","U","1","services","at_home",1,4
"911",911,1,1,"T","mother","LE3","U","0","other","at_home",1,4
"912",912,4,4,"T","father","GT3","R","1","health","teacher",2,3
"913",913,2,1,"T","mother","LE3","R","1","other","other",1,4
"914",914,4,2,"A","father","GT3","U","1","other","services",1,3
"915",915,1,2,"T","mother","GT3","R","1","other","services",1,1
"916",916,1,1,"T","mother","LE3","U","1","at_home","other",1,3
"917",917,3,2,"T","mother","GT3","R","1","at_home","services",1,1
"918",918,4,4,"T","mother","GT3","U","1","health","health",1,2
"919",919,4,4,"T","mother","LE3","U","1","at_home","health",5,5
"920",920,4,3,"T","mother","LE3","R","0","at_home","other",1,1
"921",921,4,4,"T","mother","LE3","U","1","other","services",1,2
"922",922,1,4,"T","mother","GT3","R","1","other","other",1,2
"923",923,2,2,"T","mother","LE3","U","0","services","services",2,2
"924",924,2,2,"T","mother","GT3","R","1","at_home","other",1,2
"925",925,4,4,"T","father","LE3","U","0","services","services",1,2
"926",926,3,3,"T","mother","GT3","U","1","services","services",5,5
"927",927,1,1,"T","mother","GT3","U","1","at_home","services",3,3
"928",928,1,2,"T","mother","GT3","U","1","health","services",1,4
"929",929,1,2,"T","mother","LE3","U","1","other","services",1,1
"930",930,4,4,"T","father","LE3","U","1","teacher","health",2,5
"931",931,2,1,"T","mother","GT3","R","0","other","services",1,3
"932",932,2,2,"A","mother","LE3","U","0","other","other",2,3
"933",933,1,2,"A","mother","LE3","U","1","services","services",1,2
"934",934,2,2,"T","mother","LE3","R","0","other","other",2,2
"935",935,1,4,"T","mother","LE3","U","1","other","other",2,2
"936",936,2,3,"T","mother","GT3","U","0","at_home","other",2,2
"937",937,2,2,"T","mother","GT3","R","0","other","other",1,1
"938",938,4,4,"T","mother","GT3","U","1","teacher","services",1,4
"939",939,4,4,"T","father","GT3","R","1","health","other",1,3
"940",940,3,1,"T","father","LE3","R","0","other","other",3,3
"941",941,4,3,"T","mother","GT3","U","1","services","other",3,4
"942",942,4,4,"T","father","GT3","U","1","health","health",1,1
"943",943,1,4,"T","father","LE3","R","1","other","at_home",2,1
"944",944,1,1,"A","mother","GT3","U","1","at_home","at_home",1,2
"945",945,2,4,"T","mother","GT3","R","1","other","other",2,3
"946",946,2,2,"A","father","LE3","U","1","other","services",2,2
"947",947,2,3,"T","father","GT3","U","1","other","other",2,2
"948",948,1,1,"T","mother","GT3","U","1","other","other",3,4
"949",949,0,1,"A","mother","LE3","U","0","other","other",1,1
"950",950,1,1,"T","father","GT3","R","1","at_home","at_home",2,2
"951",951,2,1,"T","father","GT3","R","1","other","other",1,1
"952",952,2,1,"T","mother","LE3","R","0","other","at_home",2,4
"953",953,1,3,"T","mother","GT3","R","1","other","other",1,1
"954",954,2,2,"T","mother","GT3","R","0","other","other",3,5
"955",955,0,1,"T","other","GT3","R","0","at_home","at_home",1,1
"956",956,1,1,"T","mother","GT3","R","1","other","services",1,3
"957",957,1,1,"T","mother","LE3","U","0","at_home","at_home",1,4
"958",958,2,2,"T","father","LE3","R","0","other","services",1,1
"959",959,2,2,"T","mother","GT3","U","0","other","other",2,3
"960",960,2,3,"T","father","GT3","R","1","services","other",2,3
"961",961,1,1,"T","mother","LE3","R","1","at_home","other",2,4
"962",962,1,1,"T","other","GT3","R","1","services","other",2,3
"963",963,2,3,"T","mother","GT3","R","1","services","other",2,2
"964",964,2,3,"T","mother","GT3","U","0","at_home","services",1,1
"965",965,3,3,"T","mother","GT3","U","1","at_home","at_home",1,3
"966",966,2,2,"T","mother","GT3","R","1","services","services",2,4
"967",967,1,2,"T","other","GT3","U","1","at_home","other",1,3
"968",968,2,3,"A","mother","GT3","U","0","services","at_home",1,1
"969",969,1,1,"T","mother","GT3","U","0","other","at_home",1,2
"970",970,1,1,"T","other","GT3","R","1","other","other",2,4
"971",971,3,4,"A","mother","GT3","R","1","services","services",3,4
"972",972,2,3,"T","mother","GT3","R","1","other","other",5,5
"973",973,1,1,"T","other","GT3","R","1","other","services",3,3
"974",974,3,3,"T","mother","GT3","U","1","health","other",2,3
"975",975,3,1,"T","mother","LE3","U","1","at_home","services",2,3
"976",976,1,1,"T","other","GT3","R","1","other","other",3,3
"977",977,2,1,"A","mother","GT3","U","0","at_home","other",1,1
"978",978,1,1,"A","mother","LE3","U","0","at_home","other",1,1
"979",979,2,2,"T","mother","GT3","R","1","other","other",1,1
"980",980,0,0,"T","mother","GT3","R","1","at_home","other",1,1
"981",981,1,3,"A","other","LE3","R","0","other","at_home",2,2
"982",982,2,4,"T","mother","GT3","U","1","teacher","services",1,3
"983",983,2,2,"T","mother","LE3","R","1","services","services",1,2
"984",984,1,4,"T","mother","GT3","U","0","health","at_home",1,1
"985",985,2,1,"T","father","LE3","U","1","at_home","other",1,1
"986",986,1,1,"T","mother","GT3","U","0","other","other",2,2
"987",987,2,2,"T","father","GT3","U","1","services","at_home",1,1
"988",988,3,3,"T","mother","GT3","U","1","services","services",1,1
"989",989,2,1,"A","mother","LE3","U","1","at_home","other",1,2
"990",990,4,4,"T","mother","GT3","U","1","teacher","teacher",1,2
"991",991,4,4,"T","mother","LE3","U","1","services","other",1,1
"992",992,2,4,"T","mother","GT3","U","1","other","other",1,2
"993",993,2,2,"T","mother","GT3","R","0","at_home","other",1,1
"994",994,2,1,"T","mother","LE3","U","0","at_home","services",5,5
"995",995,4,4,"T","mother","GT3","R","1","at_home","services",1,1
"996",996,1,1,"T","father","GT3","R","0","other","services",3,4
"997",997,2,2,"T","mother","GT3","U","1","other","other",1,1
"998",998,2,2,"T","father","LE3","U","1","services","services",1,4
"999",999,2,4,"A","mother","LE3","R","1","teacher","other",1,1
"1000",1000,1,1,"T","mother","GT3","U","0","at_home","services",1,2
"1001",1001,1,1,"T","father","GT3","U","0","at_home","services",2,3
"1002",1002,2,4,"T","father","GT3","U","1","teacher","other",3,1
"1003",1003,1,2,"A","mother","LE3","R","1","services","other",1,2
"1004",1004,1,1,"A","mother","LE3","U","0","at_home","services",1,2
"1005",1005,2,1,"T","father","GT3","U","0","at_home","at_home",1,1
"1006",1006,1,1,"A","other","GT3","R","0","at_home","at_home",1,4
"1007",1007,2,2,"T","mother","GT3","R","1","services","other",1,1
"1008",1008,3,4,"T","mother","GT3","R","1","services","other",1,3
"1009",1009,3,3,"T","father","GT3","U","0","services","services",1,1
"1010",1010,4,4,"T","father","GT3","R","1","teacher","services",1,2
"1011",1011,2,3,"A","mother","LE3","U","0","services","other",1,2
"1012",1012,1,1,"T","father","LE3","U","1","other","services",1,2
"1013",1013,1,1,"T","father","LE3","U","1","at_home","services",1,1
"1014",1014,2,1,"A","mother","LE3","R","0","at_home","other",1,4
"1015",1015,3,3,"T","mother","GT3","U","1","services","services",1,3
"1016",1016,4,4,"T","mother","LE3","U","1","at_home","at_home",1,1
"1017",1017,2,1,"T","father","GT3","R","0","other","services",1,2
"1018",1018,3,1,"T","mother","GT3","R","0","at_home","other",2,4
"1019",1019,4,4,"T","mother","LE3","U","1","teacher","services",2,2
"1020",1020,1,1,"T","mother","GT3","R","1","other","services",1,2
"1021",1021,3,2,"T","father","GT3","U","1","at_home","services",1,2
"1022",1022,4,4,"T","father","GT3","R","1","other","teacher",4,2
"1023",1023,2,1,"T","father","LE3","R","1","at_home","services",2,3
"1024",1024,2,2,"T","mother","GT3","U","0","other","at_home",1,1
"1025",1025,2,1,"T","mother","GT3","R","1","other","other",1,3
"1026",1026,4,4,"T","mother","LE3","R","1","other","other",1,1
"1027",1027,1,1,"T","mother","GT3","R","1","other","other",1,2
"1028",1028,1,1,"T","other","GT3","R","1","at_home","other",1,1
"1029",1029,4,4,"T","mother","LE3","R","1","teacher","services",3,4
"1030",1030,3,3,"T","mother","GT3","U","1","other","other",1,2
"1031",1031,1,3,"T","mother","GT3","R","1","at_home","other",2,3
"1032",1032,4,4,"T","father","GT3","U","1","teacher","teacher",1,4
"1033",1033,1,2,"T","mother","GT3","R","1","other","other",1,3
"1034",1034,3,2,"T","father","GT3","U","1","other","services",1,1
"1035",1035,1,1,"T","mother","GT3","R","0","other","services",1,3
"1036",1036,2,4,"T","father","GT3","R","0","other","other",4,3
"1037",1037,2,2,"T","mother","GT3","R","0","at_home","other",1,3
"1038",1038,3,4,"T","mother","GT3","U","1","teacher","other",1,1
"1039",1039,4,4,"T","mother","GT3","R","1","teacher","at_home",2,2
"1040",1040,3,2,"T","mother","GT3","R","1","services","other",1,2
"1041",1041,1,3,"T","mother","LE3","U","1","teacher","services",1,1
"1042",1042,1,1,"T","mother","GT3","U","0","other","other",1,1
"1043",1043,1,3,"T","mother","LE3","U","1","services","services",3,4
"1044",1044,2,3,"T","mother","LE3","R","1","services","other",3,4
