"","school","sex","age","address","G1","G2","G3"
"1","GP","F",15,"R",13,13,13
"2","GP","F",15,"R",7,10,10
"3","GP","F",15,"R",8,9,9
"4","GP","F",15,"R",13,11,11
"5","GP","F",15,"R",8,6,5
"6","GP","F",15,"R",14,13,12
"7","GP","F",15,"R",14,13,13
"8","GP","F",15,"R",10,11,10
"9","GP","F",15,"R",10,9,8
"10","GP","F",15,"R",13,13,13
"11","GP","F",15,"R",10,10,10
"12","GP","F",15,"R",11,12,12
"13","GP","F",15,"R",12,12,11
"14","GP","F",15,"R",10,11,12
"15","GP","F",15,"R",12,0,0
"16","GP","F",15,"R",11,10,11
"17","GP","F",15,"R",8,9,8
"18","GP","F",15,"R",15,15,15
"19","GP","F",15,"R",16,16,16
"20","GP","F",15,"U",10,10,10
"21","GP","F",15,"U",10,11,11
"22","GP","F",15,"U",9,8,9
"23","GP","F",15,"U",15,14,15
"24","GP","F",15,"U",14,15,15
"25","GP","F",15,"U",8,0,0
"26","GP","F",15,"U",11,12,13
"27","GP","F",15,"U",9,10,10
"28","GP","F",15,"U",13,12,12
"29","GP","F",15,"U",12,12,12
"30","GP","F",15,"U",8,11,11
"31","GP","F",15,"U",13,12,13
"32","GP","F",15,"U",10,11,11
"33","GP","F",15,"U",11,11,11
"34","GP","F",15,"U",14,14,14
"35","GP","F",15,"U",16,15,15
"36","GP","F",15,"U",10,12,13
"37","GP","F",15,"U",10,12,12
"38","GP","F",15,"U",10,10,10
"39","GP","F",15,"U",7,8,8
"40","GP","F",15,"U",8,7,6
"41","GP","F",15,"U",11,11,11
"42","GP","F",15,"U",11,11,11
"43","GP","F",15,"U",6,7,0
"44","GP","F",15,"U",11,10,10
"45","GP","F",15,"U",7,6,6
"46","GP","F",15,"U",14,14,14
"47","GP","F",15,"U",15,14,15
"48","GP","F",15,"U",13,14,14
"49","GP","F",15,"U",15,15,15
"50","GP","F",15,"U",14,13,13
"51","GP","F",15,"U",16,17,18
"52","GP","F",15,"U",11,0,0
"53","GP","F",15,"U",13,14,15
"54","GP","F",15,"U",13,12,12
"55","GP","F",15,"U",8,10,11
"56","GP","F",15,"U",12,11,12
"57","GP","F",15,"U",7,9,8
"58","GP","F",15,"U",13,12,12
"59","GP","F",15,"U",7,7,7
"60","GP","F",15,"U",14,14,14
"61","GP","F",15,"U",10,8,9
"62","GP","F",15,"U",13,13,13
"63","GP","F",15,"U",9,11,11
"64","GP","F",15,"U",16,16,15
"65","GP","F",15,"U",13,14,14
"66","GP","F",15,"U",11,10,10
"67","GP","F",15,"U",13,12,13
"68","GP","F",15,"U",10,13,13
"69","GP","F",15,"U",7,10,11
"70","GP","F",15,"U",10,11,11
"71","GP","F",15,"U",10,11,11
"72","GP","F",15,"U",8,8,6
"73","GP","F",15,"U",12,13,12
"74","GP","F",15,"U",7,8,10
"75","GP","F",15,"U",12,11,11
"76","GP","F",15,"U",7,6,6
"77","GP","F",15,"U",16,14,16
"78","GP","F",15,"U",11,13,13
"79","GP","F",15,"U",10,10,10
"80","GP","F",15,"U",13,12,12
"81","GP","F",16,"R",14,13,13
"82","GP","F",16,"R",12,11,11
"83","GP","F",16,"R",13,13,13
"84","GP","F",16,"R",10,10,11
"85","GP","F",16,"R",11,11,11
"86","GP","F",16,"R",7,10,10
"87","GP","F",16,"R",17,16,16
"88","GP","F",16,"R",10,11,11
"89","GP","F",16,"U",12,13,12
"90","GP","F",16,"U",8,9,10
"91","GP","F",16,"U",13,11,11
"92","GP","F",16,"U",13,13,13
"93","GP","F",16,"U",12,13,14
"94","GP","F",16,"U",11,11,12
"95","GP","F",16,"U",7,7,7
"96","GP","F",16,"U",9,9,10
"97","GP","F",16,"U",4,0,0
"98","GP","F",16,"U",15,13,14
"99","GP","F",16,"U",12,11,11
"100","GP","F",16,"U",14,13,13
"101","GP","F",16,"U",12,13,13
"102","GP","F",16,"U",9,9,10
"103","GP","F",16,"U",10,10,16
"104","GP","F",16,"U",10,8,11
"105","GP","F",16,"U",12,11,11
"106","GP","F",16,"U",14,13,13
"107","GP","F",16,"U",8,7,0
"108","GP","F",16,"U",13,12,12
"109","GP","F",16,"U",8,9,10
"110","GP","F",16,"U",9,10,10
"111","GP","F",16,"U",13,12,12
"112","GP","F",16,"U",10,13,13
"113","GP","F",16,"U",8,10,10
"114","GP","F",16,"U",12,11,11
"115","GP","F",16,"U",8,7,8
"116","GP","F",16,"U",12,12,13
"117","GP","F",16,"U",6,7,0
"118","GP","F",16,"U",13,13,13
"119","GP","F",16,"U",11,11,11
"120","GP","F",16,"U",13,12,14
"121","GP","F",16,"U",13,13,11
"122","GP","F",16,"U",10,11,12
"123","GP","F",16,"U",6,9,8
"124","GP","F",16,"U",11,12,12
"125","GP","F",16,"U",8,10,10
"126","GP","F",16,"U",12,12,13
"127","GP","F",16,"U",11,12,13
"128","GP","F",16,"U",13,13,14
"129","GP","F",16,"U",16,16,17
"130","GP","F",16,"U",10,9,10
"131","GP","F",16,"U",7,7,6
"132","GP","F",16,"U",14,15,16
"133","GP","F",16,"U",12,13,12
"134","GP","F",16,"U",11,13,13
"135","GP","F",16,"U",6,10,10
"136","GP","F",16,"U",9,11,11
"137","GP","F",16,"U",7,7,8
"138","GP","F",16,"U",13,14,14
"139","GP","F",16,"U",8,10,10
"140","GP","F",16,"U",11,11,11
"141","GP","F",16,"U",11,12,11
"142","GP","F",16,"U",5,5,5
"143","GP","F",16,"U",12,11,11
"144","GP","F",16,"U",17,17,18
"145","GP","F",16,"U",14,15,16
"146","GP","F",16,"U",15,16,16
"147","GP","F",16,"U",16,15,16
"148","GP","F",16,"U",13,14,14
"149","GP","F",16,"U",11,10,10
"150","GP","F",16,"U",14,14,15
"151","GP","F",16,"U",16,16,16
"152","GP","F",16,"U",12,13,13
"153","GP","F",16,"U",7,9,8
"154","GP","F",16,"U",14,13,13
"155","GP","F",16,"U",10,9,9
"156","GP","F",16,"U",14,15,15
"157","GP","F",16,"U",11,12,13
"158","GP","F",16,"U",16,16,17
"159","GP","F",16,"U",14,14,14
"160","GP","F",16,"U",14,14,14
"161","GP","F",16,"U",17,17,17
"162","GP","F",16,"U",12,13,13
"163","GP","F",16,"U",11,14,14
"164","GP","F",16,"U",13,13,14
"165","GP","F",16,"U",13,14,14
"166","GP","F",16,"U",13,13,14
"167","GP","F",16,"U",15,16,16
"168","GP","F",16,"U",13,12,13
"169","GP","F",16,"U",11,12,11
"170","GP","F",16,"U",14,14,13
"171","GP","F",16,"U",10,11,11
"172","GP","F",16,"U",13,13,10
"173","GP","F",16,"U",8,10,9
"174","GP","F",16,"U",8,7,6
"175","GP","F",16,"U",13,11,11
"176","GP","F",16,"U",10,10,9
"177","GP","F",16,"U",10,11,11
"178","GP","F",16,"U",11,11,10
"179","GP","F",16,"U",7,10,11
"180","GP","F",16,"U",14,13,13
"181","GP","F",16,"U",12,13,13
"182","GP","F",16,"U",14,12,13
"183","GP","F",16,"U",13,13,13
"184","GP","F",16,"U",12,13,12
"185","GP","F",16,"U",7,6,6
"186","GP","F",16,"U",14,14,15
"187","GP","F",16,"U",10,11,9
"188","GP","F",16,"U",16,15,15
"189","GP","F",16,"U",16,15,16
"190","GP","F",16,"U",15,15,14
"191","GP","F",16,"U",14,15,16
"192","GP","F",16,"U",11,10,11
"193","GP","F",16,"U",9,9,10
"194","GP","F",17,"R",14,14,16
"195","GP","F",17,"R",9,10,10
"196","GP","F",17,"R",13,11,11
"197","GP","F",17,"R",13,13,13
"198","GP","F",17,"R",11,10,11
"199","GP","F",17,"R",6,6,6
"200","GP","F",17,"R",7,6,6
"201","GP","F",17,"R",13,13,13
"202","GP","F",17,"R",15,15,15
"203","GP","F",17,"R",12,14,14
"204","GP","F",17,"R",15,15,17
"205","GP","F",17,"R",11,11,10
"206","GP","F",17,"R",11,12,14
"207","GP","F",17,"R",11,12,12
"208","GP","F",17,"R",7,7,7
"209","GP","F",17,"R",7,7,8
"210","GP","F",17,"R",15,16,17
"211","GP","F",17,"R",9,9,8
"212","GP","F",17,"R",15,14,15
"213","GP","F",17,"R",11,11,10
"214","GP","F",17,"R",11,11,11
"215","GP","F",17,"R",18,19,19
"216","GP","F",17,"R",18,18,18
"217","GP","F",17,"R",12,11,11
"218","GP","F",17,"R",8,10,10
"219","GP","F",17,"U",15,15,16
"220","GP","F",17,"U",12,10,12
"221","GP","F",17,"U",10,12,14
"222","GP","F",17,"U",9,8,0
"223","GP","F",17,"U",8,7,9
"224","GP","F",17,"U",12,13,14
"225","GP","F",17,"U",15,14,17
"226","GP","F",17,"U",13,13,13
"227","GP","F",17,"U",10,13,13
"228","GP","F",17,"U",6,5,6
"229","GP","F",17,"U",9,11,11
"230","GP","F",17,"U",5,5,6
"231","GP","F",17,"U",10,9,10
"232","GP","F",17,"U",12,12,12
"233","GP","F",17,"U",6,5,0
"234","GP","F",17,"U",8,8,9
"235","GP","F",17,"U",12,11,12
"236","GP","F",17,"U",14,15,15
"237","GP","F",17,"U",9,9,10
"238","GP","F",17,"U",11,10,11
"239","GP","F",17,"U",13,13,14
"240","GP","F",17,"U",13,12,12
"241","GP","F",17,"U",12,15,15
"242","GP","F",17,"U",12,16,16
"243","GP","F",17,"U",12,12,13
"244","GP","F",17,"U",9,10,10
"245","GP","F",17,"U",10,9,11
"246","GP","F",17,"U",12,12,14
"247","GP","F",17,"U",14,13,13
"248","GP","F",17,"U",11,9,9
"249","GP","F",17,"U",13,15,15
"250","GP","F",17,"U",13,17,17
"251","GP","F",17,"U",12,13,13
"252","GP","F",17,"U",7,7,8
"253","GP","F",17,"U",11,12,14
"254","GP","F",17,"U",15,16,16
"255","GP","F",17,"U",10,10,10
"256","GP","F",17,"U",16,17,17
"257","GP","F",17,"U",17,18,17
"258","GP","F",17,"U",10,13,13
"259","GP","F",17,"U",17,18,17
"260","GP","F",17,"U",12,14,15
"261","GP","F",17,"U",18,18,18
"262","GP","F",17,"U",17,17,18
"263","GP","F",17,"U",14,14,15
"264","GP","F",17,"U",17,18,17
"265","GP","F",17,"U",16,15,15
"266","GP","F",17,"U",12,13,15
"267","GP","F",17,"U",7,8,0
"268","GP","F",17,"U",11,12,11
"269","GP","F",17,"U",15,12,13
"270","GP","F",17,"U",10,9,9
"271","GP","F",17,"U",11,11,11
"272","GP","F",17,"U",8,9,8
"273","GP","F",17,"U",10,9,9
"274","GP","F",17,"U",11,13,14
"275","GP","F",17,"U",16,15,15
"276","GP","F",17,"U",16,16,16
"277","GP","F",17,"U",15,12,14
"278","GP","F",17,"U",11,12,13
"279","GP","F",17,"U",13,15,15
"280","GP","F",17,"U",17,18,18
"281","GP","F",17,"U",15,15,15
"282","GP","F",17,"U",11,9,10
"283","GP","F",17,"U",6,6,4
"284","GP","F",17,"U",14,15,17
"285","GP","F",17,"U",11,11,12
"286","GP","F",17,"U",13,13,13
"287","GP","F",17,"U",18,18,18
"288","GP","F",17,"U",14,15,16
"289","GP","F",17,"U",11,11,12
"290","GP","F",17,"U",13,12,13
"291","GP","F",17,"U",10,9,9
"292","GP","F",17,"U",15,14,15
"293","GP","F",17,"U",14,14,14
"294","GP","F",17,"U",11,10,11
"295","GP","F",17,"U",11,9,10
"296","GP","F",17,"U",12,12,13
"297","GP","F",17,"U",15,14,14
"298","GP","F",17,"U",14,14,15
"299","GP","F",17,"U",16,15,15
"300","GP","F",17,"U",11,10,10
"301","GP","F",17,"U",11,12,14
"302","GP","F",17,"U",13,12,12
"303","GP","F",17,"U",10,13,12
"304","GP","F",17,"U",12,12,12
"305","GP","F",17,"U",12,12,12
"306","GP","F",17,"U",10,11,12
"307","GP","F",17,"U",10,9,0
"308","GP","F",17,"U",14,15,15
"309","GP","F",17,"U",14,15,16
"310","GP","F",17,"U",14,16,15
"311","GP","F",17,"U",14,15,15
"312","GP","F",17,"U",14,13,14
"313","GP","F",17,"U",9,9,8
"314","GP","F",17,"U",14,15,17
"315","GP","F",17,"U",14,12,13
"316","GP","F",17,"U",14,12,12
"317","GP","F",17,"U",13,13,14
"318","GP","F",18,"R",12,9,10
"319","GP","F",18,"R",10,9,9
"320","GP","F",18,"R",9,8,10
"321","GP","F",18,"R",11,10,11
"322","GP","F",18,"R",6,0,0
"323","GP","F",18,"R",8,9,10
"324","GP","F",18,"R",10,9,0
"325","GP","F",18,"R",14,13,14
"326","GP","F",18,"R",11,11,13
"327","GP","F",18,"R",8,8,8
"328","GP","F",18,"R",9,8,7
"329","GP","F",18,"R",10,11,12
"330","GP","F",18,"R",12,10,11
"331","GP","F",18,"R",17,17,18
"332","GP","F",18,"R",12,12,12
"333","GP","F",18,"U",12,11,11
"334","GP","F",18,"U",0,11,11
"335","GP","F",18,"U",5,6,6
"336","GP","F",18,"U",12,13,13
"337","GP","F",18,"U",8,9,10
"338","GP","F",18,"U",14,14,14
"339","GP","F",18,"U",10,10,11
"340","GP","F",18,"U",12,10,11
"341","GP","F",18,"U",7,0,0
"342","GP","F",18,"U",14,14,15
"343","GP","F",18,"U",12,13,14
"344","GP","F",18,"U",12,12,15
"345","GP","F",18,"U",8,8,0
"346","GP","F",18,"U",10,9,8
"347","GP","F",18,"U",18,18,18
"348","GP","F",18,"U",18,18,19
"349","GP","F",18,"U",10,9,10
"350","GP","F",18,"U",11,12,13
"351","GP","F",18,"U",9,10,0
"352","GP","F",18,"U",10,10,10
"353","GP","F",18,"U",11,12,14
"354","GP","F",18,"U",11,10,10
"355","GP","F",18,"U",16,16,16
"356","GP","F",18,"U",15,14,14
"357","GP","F",18,"U",14,12,12
"358","GP","F",18,"U",14,17,17
"359","GP","F",18,"U",14,16,17
"360","GP","F",18,"U",13,13,14
"361","GP","F",18,"U",10,13,13
"362","GP","F",18,"U",11,12,14
"363","GP","F",18,"U",8,7,7
"364","GP","F",18,"U",7,0,0
"365","GP","F",18,"U",10,11,12
"366","GP","F",18,"U",11,12,14
"367","GP","F",18,"U",14,15,17
"368","GP","F",18,"U",9,10,9
"369","GP","F",18,"U",16,17,17
"370","GP","F",18,"U",14,13,14
"371","GP","F",18,"U",15,15,15
"372","GP","F",18,"U",17,18,18
"373","GP","F",18,"U",14,12,13
"374","GP","F",18,"U",9,8,8
"375","GP","F",18,"U",12,11,13
"376","GP","F",18,"U",11,11,11
"377","GP","F",18,"U",12,12,13
"378","GP","F",18,"U",14,17,17
"379","GP","F",18,"U",10,10,10
"380","GP","F",18,"U",12,10,11
"381","GP","F",18,"U",14,15,15
"382","GP","F",18,"U",11,12,14
"383","GP","F",18,"U",13,13,13
"384","GP","F",18,"U",11,11,11
"385","GP","F",18,"U",12,12,13
"386","GP","F",18,"U",9,8,10
"387","GP","F",18,"U",8,8,0
"388","GP","F",18,"U",10,9,12
"389","GP","F",18,"U",14,14,15
"390","GP","F",18,"U",16,15,17
"391","GP","F",18,"U",14,17,17
"392","GP","F",18,"U",12,12,15
"393","GP","F",18,"U",13,14,14
"394","GP","F",18,"U",10,8,8
"395","GP","F",19,"R",14,13,13
"396","GP","F",19,"R",13,11,11
"397","GP","F",19,"R",9,8,10
"398","GP","F",19,"U",9,10,11
"399","GP","F",19,"U",7,8,9
"400","GP","F",19,"U",15,13,13
"401","GP","F",19,"U",10,10,11
"402","GP","F",19,"U",14,12,13
"403","GP","F",19,"U",11,12,11
"404","GP","F",19,"U",10,10,11
"405","GP","F",19,"U",12,12,12
"406","GP","F",19,"U",8,8,8
"407","GP","F",19,"U",11,12,12
"408","GP","F",19,"U",9,9,9
"409","GP","F",19,"U",14,13,13
"410","GP","F",19,"U",10,9,0
"411","GP","F",19,"U",9,10,11
"412","GP","F",19,"U",8,8,9
"413","GP","F",19,"U",10,11,11
"414","GP","F",19,"U",12,10,10
"415","GP","F",19,"U",9,9,0
"416","GP","F",19,"U",13,10,11
"417","GP","F",20,"R",11,15,15
"418","GP","F",20,"R",10,12,12
"419","GP","F",20,"U",8,10,10
"420","GP","F",21,"U",9,12,12
"421","GP","M",15,"R",10,9,10
"422","GP","M",15,"R",9,9,9
"423","GP","M",15,"R",7,8,8
"424","GP","M",15,"R",11,8,8
"425","GP","M",15,"R",5,9,7
"426","GP","M",15,"R",9,0,0
"427","GP","M",15,"R",12,11,11
"428","GP","M",15,"R",13,14,15
"429","GP","M",15,"R",17,16,16
"430","GP","M",15,"R",12,10,11
"431","GP","M",15,"R",10,13,13
"432","GP","M",15,"U",14,14,15
"433","GP","M",15,"U",14,16,16
"434","GP","M",15,"U",16,16,16
"435","GP","M",15,"U",16,18,18
"436","GP","M",15,"U",11,12,12
"437","GP","M",15,"U",13,13,12
"438","GP","M",15,"U",11,12,12
"439","GP","M",15,"U",12,12,11
"440","GP","M",15,"U",8,8,11
"441","GP","M",15,"U",9,10,10
"442","GP","M",15,"U",14,13,13
"443","GP","M",15,"U",16,14,15
"444","GP","M",15,"U",10,9,9
"445","GP","M",15,"U",11,10,11
"446","GP","M",15,"U",11,11,12
"447","GP","M",15,"U",10,12,12
"448","GP","M",15,"U",12,12,13
"449","GP","M",15,"U",14,15,15
"450","GP","M",15,"U",14,13,14
"451","GP","M",15,"U",14,13,13
"452","GP","M",15,"U",13,13,12
"453","GP","M",15,"U",9,9,9
"454","GP","M",15,"U",12,11,11
"455","GP","M",15,"U",11,11,10
"456","GP","M",15,"U",11,11,11
"457","GP","M",15,"U",15,16,15
"458","GP","M",15,"U",10,10,10
"459","GP","M",15,"U",11,9,10
"460","GP","M",15,"U",11,12,13
"461","GP","M",15,"U",15,15,14
"462","GP","M",15,"U",12,12,13
"463","GP","M",15,"U",10,10,11
"464","GP","M",15,"U",11,11,11
"465","GP","M",15,"U",9,9,10
"466","GP","M",15,"U",12,13,14
"467","GP","M",15,"U",13,14,15
"468","GP","M",15,"U",7,9,0
"469","GP","M",15,"U",9,11,11
"470","GP","M",15,"U",11,12,12
"471","GP","M",15,"U",12,15,15
"472","GP","M",15,"U",9,11,12
"473","GP","M",15,"U",10,11,11
"474","GP","M",15,"U",11,13,14
"475","GP","M",15,"U",16,15,16
"476","GP","M",15,"U",10,13,14
"477","GP","M",15,"U",12,13,12
"478","GP","M",15,"U",17,16,17
"479","GP","M",15,"U",15,15,15
"480","GP","M",15,"U",14,15,15
"481","GP","M",15,"U",19,18,18
"482","GP","M",15,"U",14,15,15
"483","GP","M",15,"U",15,15,16
"484","GP","M",15,"U",12,11,11
"485","GP","M",15,"U",8,9,10
"486","GP","M",15,"U",15,16,17
"487","GP","M",15,"U",16,18,19
"488","GP","M",15,"U",10,9,9
"489","GP","M",15,"U",11,11,10
"490","GP","M",15,"U",13,14,14
"491","GP","M",15,"U",18,19,19
"492","GP","M",15,"U",14,13,14
"493","GP","M",15,"U",9,10,9
"494","GP","M",15,"U",8,9,10
"495","GP","M",15,"U",11,12,12
"496","GP","M",15,"U",11,13,14
"497","GP","M",15,"U",13,12,13
"498","GP","M",15,"U",15,15,15
"499","GP","M",15,"U",8,10,12
"500","GP","M",15,"U",13,12,12
"501","GP","M",15,"U",18,17,18
"502","GP","M",15,"U",18,19,19
"503","GP","M",15,"U",14,14,14
"504","GP","M",15,"U",15,16,18
"505","GP","M",15,"U",12,13,12
"506","GP","M",15,"U",14,14,14
"507","GP","M",15,"U",10,11,11
"508","GP","M",15,"U",12,12,12
"509","GP","M",16,"R",13,13,13
"510","GP","M",16,"R",15,16,15
"511","GP","M",16,"R",8,9,8
"512","GP","M",16,"R",14,13,12
"513","GP","M",16,"R",17,15,15
"514","GP","M",16,"R",12,10,11
"515","GP","M",16,"R",11,10,10
"516","GP","M",16,"R",8,9,10
"517","GP","M",16,"R",10,9,11
"518","GP","M",16,"R",10,8,9
"519","GP","M",16,"R",11,15,15
"520","GP","M",16,"R",9,11,11
"521","GP","M",16,"R",14,14,15
"522","GP","M",16,"R",18,18,18
"523","GP","M",16,"R",10,11,12
"524","GP","M",16,"R",9,9,10
"525","GP","M",16,"U",11,12,11
"526","GP","M",16,"U",13,15,15
"527","GP","M",16,"U",16,17,18
"528","GP","M",16,"U",13,15,16
"529","GP","M",16,"U",10,9,11
"530","GP","M",16,"U",11,12,11
"531","GP","M",16,"U",9,8,8
"532","GP","M",16,"U",9,9,11
"533","GP","M",16,"U",18,18,18
"534","GP","M",16,"U",15,16,16
"535","GP","M",16,"U",9,10,11
"536","GP","M",16,"U",10,10,10
"537","GP","M",16,"U",12,10,11
"538","GP","M",16,"U",11,10,10
"539","GP","M",16,"U",13,12,13
"540","GP","M",16,"U",13,12,12
"541","GP","M",16,"U",13,14,14
"542","GP","M",16,"U",13,11,11
"543","GP","M",16,"U",13,15,15
"544","GP","M",16,"U",13,13,14
"545","GP","M",16,"U",12,12,14
"546","GP","M",16,"U",12,12,12
"547","GP","M",16,"U",11,9,10
"548","GP","M",16,"U",12,12,12
"549","GP","M",16,"U",12,14,15
"550","GP","M",16,"U",12,11,12
"551","GP","M",16,"U",7,10,10
"552","GP","M",16,"U",9,11,10
"553","GP","M",16,"U",10,10,1
"554","GP","M",16,"U",10,12,12
"555","GP","M",16,"U",13,14,13
"556","GP","M",16,"U",14,14,15
"557","GP","M",16,"U",16,18,18
"558","GP","M",16,"U",13,14,14
"559","GP","M",16,"U",11,12,13
"560","GP","M",16,"U",12,13,12
"561","GP","M",16,"U",9,9,10
"562","GP","M",16,"U",6,5,0
"563","GP","M",16,"U",17,17,17
"564","GP","M",16,"U",19,19,20
"565","GP","M",16,"U",11,10,11
"566","GP","M",16,"U",9,8,8
"567","GP","M",16,"U",12,13,13
"568","GP","M",16,"U",14,11,13
"569","GP","M",16,"U",13,13,14
"570","GP","M",16,"U",14,13,13
"571","GP","M",16,"U",13,12,12
"572","GP","M",16,"U",14,15,15
"573","GP","M",16,"U",15,13,13
"574","GP","M",16,"U",9,9,8
"575","GP","M",16,"U",7,7,5
"576","GP","M",16,"U",16,16,16
"577","GP","M",16,"U",16,17,17
"578","GP","M",16,"U",15,15,16
"579","GP","M",16,"U",16,14,14
"580","GP","M",16,"U",7,6,0
"581","GP","M",16,"U",9,9,8
"582","GP","M",16,"U",12,11,12
"583","GP","M",16,"U",10,12,11
"584","GP","M",16,"U",11,11,11
"585","GP","M",16,"U",12,12,13
"586","GP","M",16,"U",9,9,10
"587","GP","M",16,"U",8,6,7
"588","GP","M",16,"U",9,9,9
"589","GP","M",16,"U",9,7,6
"590","GP","M",16,"U",14,12,12
"591","GP","M",16,"U",10,10,10
"592","GP","M",16,"U",9,8,10
"593","GP","M",16,"U",7,0,0
"594","GP","M",16,"U",9,10,10
"595","GP","M",16,"U",12,13,14
"596","GP","M",16,"U",13,14,16
"597","GP","M",16,"U",15,15,15
"598","GP","M",16,"U",12,12,11
"599","GP","M",16,"U",13,12,13
"600","GP","M",16,"U",13,13,12
"601","GP","M",16,"U",10,10,10
"602","GP","M",16,"U",12,11,11
"603","GP","M",16,"U",9,9,9
"604","GP","M",16,"U",12,13,14
"605","GP","M",16,"U",15,15,16
"606","GP","M",16,"U",12,12,12
"607","GP","M",16,"U",8,10,10
"608","GP","M",16,"U",12,12,13
"609","GP","M",16,"U",15,15,15
"610","GP","M",16,"U",6,0,0
"611","GP","M",16,"U",14,14,15
"612","GP","M",17,"R",13,14,15
"613","GP","M",17,"R",16,17,18
"614","GP","M",17,"R",15,14,14
"615","GP","M",17,"R",8,9,10
"616","GP","M",17,"R",9,9,10
"617","GP","M",17,"R",12,11,11
"618","GP","M",17,"R",9,7,8
"619","GP","M",17,"R",8,12,12
"620","GP","M",17,"R",12,12,13
"621","GP","M",17,"R",12,13,13
"622","GP","M",17,"R",11,11,11
"623","GP","M",17,"R",9,10,10
"624","GP","M",17,"R",11,10,10
"625","GP","M",17,"R",11,10,10
"626","GP","M",17,"R",7,6,8
"627","GP","M",17,"R",10,0,0
"628","GP","M",17,"R",10,9,10
"629","GP","M",17,"R",12,12,12
"630","GP","M",17,"R",10,11,12
"631","GP","M",17,"R",8,8,8
"632","GP","M",17,"R",5,8,7
"633","GP","M",17,"R",16,12,13
"634","GP","M",17,"R",9,8,10
"635","GP","M",17,"R",8,8,9
"636","GP","M",17,"R",7,6,0
"637","GP","M",17,"U",12,12,12
"638","GP","M",17,"U",12,10,11
"639","GP","M",17,"U",10,11,12
"640","GP","M",17,"U",7,8,8
"641","GP","M",17,"U",10,10,10
"642","GP","M",17,"U",9,7,6
"643","GP","M",17,"U",5,0,0
"644","GP","M",17,"U",9,9,10
"645","GP","M",17,"U",8,8,10
"646","GP","M",17,"U",8,8,9
"647","GP","M",17,"U",9,12,13
"648","GP","M",17,"U",12,12,13
"649","GP","M",17,"U",11,11,14
"650","GP","M",17,"U",9,9,10
"651","GP","M",17,"U",6,5,5
"652","GP","M",17,"U",8,8,7
"653","GP","M",17,"U",8,7,8
"654","GP","M",17,"U",14,15,15
"655","GP","M",17,"U",14,12,11
"656","GP","M",17,"U",6,5,6
"657","GP","M",17,"U",11,9,10
"658","GP","M",17,"U",17,18,17
"659","GP","M",17,"U",14,15,16
"660","GP","M",17,"U",11,13,14
"661","GP","M",17,"U",12,12,11
"662","GP","M",17,"U",10,10,11
"663","GP","M",17,"U",11,11,13
"664","GP","M",17,"U",13,13,14
"665","GP","M",17,"U",17,15,16
"666","GP","M",17,"U",10,8,9
"667","GP","M",17,"U",13,13,13
"668","GP","M",17,"U",11,9,9
"669","GP","M",17,"U",16,18,18
"670","GP","M",17,"U",13,13,13
"671","GP","M",17,"U",11,9,10
"672","GP","M",17,"U",11,11,10
"673","GP","M",17,"U",8,8,8
"674","GP","M",17,"U",12,15,15
"675","GP","M",17,"U",9,10,10
"676","GP","M",17,"U",7,9,8
"677","GP","M",17,"U",16,16,16
"678","GP","M",17,"U",14,13,13
"679","GP","M",17,"U",10,11,11
"680","GP","M",17,"U",12,11,12
"681","GP","M",17,"U",15,15,15
"682","GP","M",17,"U",12,12,12
"683","GP","M",17,"U",10,11,11
"684","GP","M",17,"U",10,9,9
"685","GP","M",17,"U",12,13,13
"686","GP","M",17,"U",11,11,10
"687","GP","M",17,"U",13,12,12
"688","GP","M",17,"U",12,12,13
"689","GP","M",17,"U",11,9,10
"690","GP","M",17,"U",13,11,10
"691","GP","M",18,"R",7,4,0
"692","GP","M",18,"R",13,14,14
"693","GP","M",18,"R",13,12,12
"694","GP","M",18,"R",10,11,12
"695","GP","M",18,"R",15,14,17
"696","GP","M",18,"R",16,15,16
"697","GP","M",18,"R",15,16,16
"698","GP","M",18,"R",17,17,17
"699","GP","M",18,"R",14,15,15
"700","GP","M",18,"R",14,13,14
"701","GP","M",18,"R",10,9,10
"702","GP","M",18,"R",3,5,5
"703","GP","M",18,"U",10,10,11
"704","GP","M",18,"U",16,16,16
"705","GP","M",18,"U",15,14,14
"706","GP","M",18,"U",6,9,8
"707","GP","M",18,"U",7,8,6
"708","GP","M",18,"U",14,15,15
"709","GP","M",18,"U",15,14,14
"710","GP","M",18,"U",7,8,8
"711","GP","M",18,"U",12,13,13
"712","GP","M",18,"U",10,9,10
"713","GP","M",18,"U",15,14,15
"714","GP","M",18,"U",8,7,8
"715","GP","M",18,"U",7,7,0
"716","GP","M",18,"U",12,11,11
"717","GP","M",18,"U",6,7,8
"718","GP","M",18,"U",7,8,7
"719","GP","M",18,"U",6,8,8
"720","GP","M",18,"U",10,12,14
"721","GP","M",18,"U",10,9,10
"722","GP","M",18,"U",15,16,16
"723","GP","M",18,"U",12,11,11
"724","GP","M",18,"U",10,10,11
"725","GP","M",18,"U",8,8,8
"726","GP","M",18,"U",14,13,14
"727","GP","M",18,"U",10,10,9
"728","GP","M",18,"U",13,14,13
"729","GP","M",18,"U",9,12,11
"730","GP","M",18,"U",12,12,13
"731","GP","M",18,"U",10,10,0
"732","GP","M",18,"U",11,12,12
"733","GP","M",18,"U",9,9,9
"734","GP","M",18,"U",13,14,15
"735","GP","M",18,"U",17,17,17
"736","GP","M",18,"U",15,13,15
"737","GP","M",18,"U",11,9,0
"738","GP","M",18,"U",6,5,0
"739","GP","M",18,"U",9,10,11
"740","GP","M",18,"U",10,8,9
"741","GP","M",18,"U",11,10,11
"742","GP","M",18,"U",9,8,8
"743","GP","M",18,"U",11,11,12
"744","GP","M",18,"U",9,11,12
"745","GP","M",18,"U",11,11,12
"746","GP","M",18,"U",10,10,10
"747","GP","M",18,"U",6,6,8
"748","GP","M",18,"U",16,16,17
"749","GP","M",18,"U",16,15,15
"750","GP","M",18,"U",10,10,10
"751","GP","M",18,"U",10,11,10
"752","GP","M",18,"U",8,9,11
"753","GP","M",18,"U",18,18,17
"754","GP","M",18,"U",16,15,16
"755","GP","M",19,"R",11,10,10
"756","GP","M",19,"R",10,10,11
"757","GP","M",19,"R",15,12,12
"758","GP","M",19,"R",9,10,11
"759","GP","M",19,"U",13,11,11
"760","GP","M",19,"U",7,11,11
"761","GP","M",19,"U",11,9,11
"762","GP","M",19,"U",5,0,0
"763","GP","M",19,"U",15,14,13
"764","GP","M",19,"U",11,10,10
"765","GP","M",19,"U",8,9,8
"766","GP","M",19,"U",11,13,14
"767","GP","M",19,"U",11,11,11
"768","GP","M",20,"U",17,18,18
"769","GP","M",20,"U",14,15,15
"770","GP","M",21,"R",9,10,10
"771","GP","M",22,"U",7,8,5
"772","GP","M",22,"U",6,8,8
"773","MS","F",15,"R",13,14,14
"774","MS","F",15,"R",11,10,11
"775","MS","F",15,"R",10,10,10
"776","MS","F",15,"R",11,13,13
"777","MS","F",15,"R",10,10,11
"778","MS","F",15,"R",14,16,16
"779","MS","F",15,"R",13,12,12
"780","MS","F",15,"R",13,14,14
"781","MS","F",15,"R",9,10,9
"782","MS","F",15,"R",10,10,10
"783","MS","F",15,"R",6,7,8
"784","MS","F",15,"R",6,8,9
"785","MS","F",15,"R",14,11,12
"786","MS","F",15,"U",9,10,9
"787","MS","F",15,"U",12,13,14
"788","MS","F",16,"R",8,10,10
"789","MS","F",16,"R",12,11,12
"790","MS","F",16,"R",7,7,8
"791","MS","F",16,"R",10,9,10
"792","MS","F",16,"R",13,12,14
"793","MS","F",16,"R",13,10,13
"794","MS","F",16,"R",13,14,13
"795","MS","F",16,"R",12,11,12
"796","MS","F",16,"R",9,10,11
"797","MS","F",16,"R",12,12,12
"798","MS","F",16,"R",9,10,11
"799","MS","F",16,"R",14,13,14
"800","MS","F",16,"R",16,17,17
"801","MS","F",16,"R",8,10,10
"802","MS","F",16,"R",15,15,15
"803","MS","F",16,"R",14,16,16
"804","MS","F",16,"R",16,16,17
"805","MS","F",16,"R",16,17,18
"806","MS","F",16,"R",14,14,14
"807","MS","F",16,"R",8,9,9
"808","MS","F",16,"R",14,14,15
"809","MS","F",16,"R",10,8,8
"810","MS","F",16,"R",11,11,11
"811","MS","F",16,"R",14,14,16
"812","MS","F",16,"R",11,13,12
"813","MS","F",16,"R",7,9,8
"814","MS","F",16,"U",5,5,7
"815","MS","F",16,"U",13,14,15
"816","MS","F",16,"U",14,14,14
"817","MS","F",16,"U",10,8,8
"818","MS","F",16,"U",9,8,8
"819","MS","F",16,"U",10,11,11
"820","MS","F",16,"U",14,13,14
"821","MS","F",16,"U",9,10,10
"822","MS","F",16,"U",17,16,16
"823","MS","F",16,"U",8,6,8
"824","MS","F",16,"U",7,6,7
"825","MS","F",16,"U",14,13,13
"826","MS","F",16,"U",8,8,8
"827","MS","F",16,"U",10,11,12
"828","MS","F",16,"U",10,9,11
"829","MS","F",16,"U",7,7,8
"830","MS","F",16,"U",6,8,8
"831","MS","F",16,"U",14,15,16
"832","MS","F",16,"U",9,10,10
"833","MS","F",16,"U",11,11,11
"834","MS","F",17,"R",10,11,11
"835","MS","F",17,"R",10,11,10
"836","MS","F",17,"R",11,11,11
"837","MS","F",17,"R",6,6,7
"838","MS","F",17,"R",8,8,9
"839","MS","F",17,"R",7,6,0
"840","MS","F",17,"R",7,8,9
"841","MS","F",17,"R",6,5,5
"842","MS","F",17,"R",12,11,12
"843","MS","F",17,"R",13,13,13
"844","MS","F",17,"R",9,10,11
"845","MS","F",17,"R",11,10,11
"846","MS","F",17,"R",9,9,9
"847","MS","F",17,"R",11,9,11
"848","MS","F",17,"R",15,17,17
"849","MS","F",17,"R",10,11,12
"850","MS","F",17,"R",8,9,9
"851","MS","F",17,"R",10,10,10
"852","MS","F",17,"R",7,9,10
"853","MS","F",17,"R",10,10,10
"854","MS","F",17,"R",13,14,14
"855","MS","F",17,"R",17,18,18
"856","MS","F",17,"R",12,12,12
"857","MS","F",17,"R",12,13,13
"858","MS","F",17,"R",11,11,12
"859","MS","F",17,"R",8,7,8
"860","MS","F",17,"U",11,9,10
"861","MS","F",17,"U",11,10,11
"862","MS","F",17,"U",9,9,10
"863","MS","F",17,"U",7,9,10
"864","MS","F",17,"U",9,9,10
"865","MS","F",17,"U",10,11,12
"866","MS","F",17,"U",13,11,11
"867","MS","F",17,"U",9,11,11
"868","MS","F",17,"U",11,12,13
"869","MS","F",17,"U",8,10,9
"870","MS","F",17,"U",17,18,18
"871","MS","F",17,"U",18,18,18
"872","MS","F",17,"U",8,8,0
"873","MS","F",17,"U",6,9,11
"874","MS","F",17,"U",13,15,16
"875","MS","F",17,"U",15,14,15
"876","MS","F",17,"U",12,12,11
"877","MS","F",17,"U",11,11,10
"878","MS","F",17,"U",7,10,10
"879","MS","F",17,"U",15,14,15
"880","MS","F",17,"U",16,15,15
"881","MS","F",18,"R",10,11,10
"882","MS","F",18,"R",9,11,10
"883","MS","F",18,"R",7,7,7
"884","MS","F",18,"R",8,8,10
"885","MS","F",18,"R",10,11,12
"886","MS","F",18,"R",9,0,0
"887","MS","F",18,"R",14,17,15
"888","MS","F",18,"R",10,9,10
"889","MS","F",18,"R",8,6,0
"890","MS","F",18,"R",14,14,15
"891","MS","F",18,"R",7,5,0
"892","MS","F",18,"R",14,12,11
"893","MS","F",18,"R",7,9,10
"894","MS","F",18,"R",6,5,6
"895","MS","F",18,"R",16,15,15
"896","MS","F",18,"R",13,13,13
"897","MS","F",18,"R",7,9,10
"898","MS","F",18,"R",5,0,0
"899","MS","F",18,"R",7,6,8
"900","MS","F",18,"R",15,17,17
"901","MS","F",18,"R",19,18,19
"902","MS","F",18,"R",13,14,14
"903","MS","F",18,"R",8,9,10
"904","MS","F",18,"U",6,8,8
"905","MS","F",18,"U",8,5,8
"906","MS","F",18,"U",9,10,10
"907","MS","F",18,"U",11,12,9
"908","MS","F",18,"U",6,5,0
"909","MS","F",18,"U",7,8,7
"910","MS","F",18,"U",11,11,12
"911","MS","F",18,"U",9,8,8
"912","MS","F",18,"U",8,8,10
"913","MS","F",18,"U",12,13,14
"914","MS","F",18,"U",10,10,10
"915","MS","F",18,"U",11,10,10
"916","MS","F",18,"U",16,16,16
"917","MS","F",18,"U",15,15,15
"918","MS","F",18,"U",10,9,9
"919","MS","F",18,"U",10,10,10
"920","MS","F",18,"U",11,11,10
"921","MS","F",18,"U",13,12,13
"922","MS","F",18,"U",18,18,18
"923","MS","F",18,"U",8,10,11
"924","MS","F",18,"U",12,13,14
"925","MS","F",18,"U",18,16,16
"926","MS","F",18,"U",19,17,18
"927","MS","F",18,"U",9,8,10
"928","MS","F",18,"U",11,12,13
"929","MS","F",18,"U",15,15,16
"930","MS","F",18,"U",7,9,8
"931","MS","F",19,"R",8,0,0
"932","MS","F",19,"R",7,8,9
"933","MS","F",19,"R",7,5,0
"934","MS","F",19,"R",10,11,10
"935","MS","F",19,"U",7,9,9
"936","MS","F",19,"U",5,0,0
"937","MS","F",19,"U",7,8,9
"938","MS","F",19,"U",9,9,10
"939","MS","F",19,"U",6,8,7
"940","MS","F",19,"U",12,13,13
"941","MS","F",19,"U",7,7,9
"942","MS","F",20,"U",11,9,10
"943","MS","F",20,"U",15,14,15
"944","MS","M",15,"R",7,9,9
"945","MS","M",15,"R",9,11,10
"946","MS","M",15,"R",10,11,11
"947","MS","M",15,"R",12,13,14
"948","MS","M",15,"R",7,9,8
"949","MS","M",15,"U",13,12,13
"950","MS","M",15,"U",10,9,11
"951","MS","M",15,"U",12,10,11
"952","MS","M",15,"U",12,13,12
"953","MS","M",15,"U",13,14,14
"954","MS","M",15,"U",11,11,11
"955","MS","M",16,"R",11,11,11
"956","MS","M",16,"R",10,11,11
"957","MS","M",16,"R",8,7,0
"958","MS","M",16,"R",7,8,8
"959","MS","M",16,"R",11,9,10
"960","MS","M",16,"R",9,10,11
"961","MS","M",16,"R",10,11,11
"962","MS","M",16,"R",10,10,9
"963","MS","M",16,"R",9,10,11
"964","MS","M",16,"R",10,11,11
"965","MS","M",16,"U",10,11,11
"966","MS","M",16,"U",7,0,0
"967","MS","M",16,"U",9,7,8
"968","MS","M",16,"U",13,12,13
"969","MS","M",16,"U",12,13,13
"970","MS","M",16,"U",10,8,10
"971","MS","M",16,"U",10,9,10
"972","MS","M",16,"U",14,12,13
"973","MS","M",16,"U",11,12,12
"974","MS","M",17,"R",10,9,10
"975","MS","M",17,"R",12,13,14
"976","MS","M",17,"R",8,10,9
"977","MS","M",17,"R",8,13,10
"978","MS","M",17,"R",10,9,9
"979","MS","M",17,"R",13,11,11
"980","MS","M",17,"R",10,11,11
"981","MS","M",17,"R",9,9,8
"982","MS","M",17,"R",10,11,11
"983","MS","M",17,"R",12,11,12
"984","MS","M",17,"R",10,8,9
"985","MS","M",17,"U",10,10,10
"986","MS","M",17,"U",8,9,9
"987","MS","M",17,"U",6,7,7
"988","MS","M",17,"U",7,0,0
"989","MS","M",17,"U",11,11,10
"990","MS","M",17,"U",14,15,16
"991","MS","M",17,"U",13,14,13
"992","MS","M",17,"U",13,13,13
"993","MS","M",17,"U",8,9,10
"994","MS","M",17,"U",10,11,10
"995","MS","M",17,"U",7,10,9
"996","MS","M",17,"U",8,9,8
"997","MS","M",17,"U",11,11,12
"998","MS","M",17,"U",14,16,16
"999","MS","M",17,"U",10,10,10
"1000","MS","M",17,"U",15,14,16
"1001","MS","M",18,"R",12,12,13
"1002","MS","M",18,"R",8,9,10
"1003","MS","M",18,"R",9,7,9
"1004","MS","M",18,"R",8,10,9
"1005","MS","M",18,"R",10,10,10
"1006","MS","M",18,"R",7,7,0
"1007","MS","M",18,"R",7,6,7
"1008","MS","M",18,"R",9,10,11
"1009","MS","M",18,"R",11,13,13
"1010","MS","M",18,"R",4,0,0
"1011","MS","M",18,"R",7,7,0
"1012","MS","M",18,"R",6,5,5
"1013","MS","M",18,"R",12,13,14
"1014","MS","M",18,"R",13,12,12
"1015","MS","M",18,"R",9,10,10
"1016","MS","M",18,"R",14,12,12
"1017","MS","M",18,"R",11,12,10
"1018","MS","M",18,"R",10,11,11
"1019","MS","M",18,"U",4,8,8
"1020","MS","M",18,"U",17,18,19
"1021","MS","M",18,"U",15,14,14
"1022","MS","M",18,"U",10,9,10
"1023","MS","M",18,"U",14,13,14
"1024","MS","M",18,"U",10,10,10
"1025","MS","M",18,"U",10,11,11
"1026","MS","M",18,"U",9,10,9
"1027","MS","M",18,"U",8,7,8
"1028","MS","M",18,"U",5,6,6
"1029","MS","M",18,"U",17,17,17
"1030","MS","M",18,"U",15,16,16
"1031","MS","M",18,"U",13,13,13
"1032","MS","M",19,"R",8,8,8
"1033","MS","M",19,"R",8,9,10
"1034","MS","M",19,"R",10,9,11
"1035","MS","M",19,"R",8,7,8
"1036","MS","M",19,"R",5,8,0
"1037","MS","M",19,"R",6,5,0
"1038","MS","M",19,"U",9,9,10
"1039","MS","M",19,"U",8,9,9
"1040","MS","M",19,"U",6,11,9
"1041","MS","M",19,"U",8,9,9
"1042","MS","M",20,"R",8,11,10
"1043","MS","M",20,"U",9,9,9
"1044","MS","M",21,"R",10,8,7
